etat_moto,marque,annee,adresse_vente,prix,image_link
Neuf,Lifan,2024,"Castor,Dakar",1,https://i.roamcdn.net/hz/ed/listing-thumb-224w/d9b28fa55f9ae4db758600c466983f0c/-/horizon-files-prod/ed/picture/qv4e7558/e62337323745c2821d432d4ed8f96599f65682b4.jpg
Venant,Suzuki,2021,"Dieuppeul,Dakar",1950000,https://i.roamcdn.net/hz/ed/listing-thumb-224w/79b55c3bab8f56d25e23a3a8ab9c3791/-/horizon-files-prod/ed/picture/qq47mvd4/f65130037dda76f16e3afe67df684623f37c4fe7.jpg
Venant,Kymco,2012,"Bel air,Dakar",450000,https://i.roamcdn.net/hz/ed/listing-thumb-224w/6bd89da414647802cd74ee1364b167ec/-/horizon-files-prod/ed/picture/q448x65m/bec4eee9e442189eb83dbd8938756e7030a3085e.jpg
Occasion,KTM,2008,"Somone,Thiès",1750000,https://i.roamcdn.net/hz/ed/listing-thumb-224w/5ca9194a00c1c96babaf1ea9794f6a49/-/horizon-files-prod/ed/picture/qrzvgj4m/c9e4b4b41331bfdfd371904eaa6b77b95b008a70.jpg
Venant,Yamaha,2021,"Médina,Dakar",3500000,https://i.roamcdn.net/hz/ed/listing-thumb-224w/3a27f9a77db4bde98cf4a2bc7a2eba2b/-/horizon-files-prod/ed/picture/qkrgw0j5/a2212859dea7c8f59ed94ba64891a8a37e738b66.jpg
Occasion,BMW,2018,"Fann,Dakar",2000000,https://i.roamcdn.net/hz/ed/listing-thumb-224w/a2d8af3bc7c2c3b67d98193e547c9fc8/-/horizon-files-prod/ed/picture/qxj20xq8/4c7d9cc53b9fb53cb4e970b707d2a89295a3156c.jpg
Venant,Kymco,2015,"Almadies,Dakar",700000,https://i.roamcdn.net/hz/ed/listing-thumb-224w/eee6e26c19e16a75e02b2f36c5434d94/-/horizon-files-prod/ed/picture/q0gwev0j/eb665f19fc290d09a367b802405567b3c64f956c.jpg
Neuf,Haojue,2024,"Derkle,Dakar",1,https://i.roamcdn.net/hz/ed/listing-thumb-224w/6705f80010ed591c92144661e9c03d6c/-/horizon-files-prod/ed/picture/qxj2r67m/e37a44e1edec70c7403746fb5a78e3ccbf810e1e.jpg
Occasion,Aprilia,2006,"Pikine,Dakar",750000,https://i.roamcdn.net/hz/ed/listing-thumb-224w/11f9d07d0c785b653e39a40424ccd106/-/horizon-files-prod/ed/picture/q8v5edmp/791ccfcb4c94d1953cddb6f520ce66e0e3c85097.jpg
Venant,BMW,2023,"Dieuppeul,Dakar",4900000,https://i.roamcdn.net/hz/ed/listing-thumb-224w/fe05e7d1ef4078728e21b15269679594/-/horizon-files-prod/ed/picture/q0gwqnze/8e6cb27a37935892ba5ace129b32d7fcc0694b36.jpg
Venant,Yamaha,2024,"Liberte 6 extension,Dakar",1200000,https://i.roamcdn.net/hz/ed/listing-thumb-224w/998a3d6015dac948f03ef4376c16ae34/-/horizon-files-prod/ed/picture/qxj258mj/1767188cf146c1a6db09bb0d371db723a654ab4a.jpg
Venant,BMW,2019,"Hann maristes,Dakar",3200000,https://i.roamcdn.net/hz/ed/listing-thumb-224w/4640bf735bdc072f8b831eea129cb951/-/horizon-files-prod/ed/picture/q56xmpx0/b624d10485a8c721326711ed2cd3fcaadecf48b5.jpg
Venant,Yamaha,2020,"Médina,Dakar",3600000,https://i.roamcdn.net/hz/ed/listing-thumb-224w/be6d2df719c8627d99191aaaca933fa8/-/horizon-files-prod/ed/picture/qwe2d2k4/11dfd19c33a098398fbbbb6002d83f106a2b012a.jpg
Venant,Yamaha,2012,"Hann maristes,Dakar",2000000,https://i.roamcdn.net/hz/ed/listing-thumb-224w/517b15a2d044c109708eb49917afc115/-/horizon-files-prod/ed/picture/qgq9n0m0/fa7c6652fb968a94158294b9fed2baf6ba8caea2.jpg
Venant,Honda,2018,"Hann maristes,Dakar",3200000,https://i.roamcdn.net/hz/ed/listing-thumb-224w/beb38ab9c595c6bd894b0d16f0a94ddf/-/horizon-files-prod/ed/picture/qv4e2ekp/9a0f2c2e9a498dcfe33e2d6641105bc0a95ca131.jpg
Neuf,Honda,2020,"Almadies 2,Dakar",1,https://i.roamcdn.net/hz/ed/listing-thumb-224w/654cd4c25eafce5ad4d266b02e958e9e/-/horizon-files-prod/ed/picture/qq47m7de/100f8a071cabb0a984e85dbaaabd48371368c22c.jpg
Occasion,Yamaha,2019,"Plateau,Dakar",1600000,https://i.roamcdn.net/hz/ed/listing-thumb-224w/adf8705e1bda851ab7d6f0f866378a00/-/horizon-files-prod/ed/picture/qj4rnjww/4cacdd883122269f187b2d1d24950c7d049c3981.jpg
Venant,Yamaha,2019,"Mermoz,Dakar",2800000,https://i.roamcdn.net/hz/ed/listing-thumb-224w/7d94532048a49d7612b09e0a755c8dff/-/horizon-files-prod/ed/picture/qq47jk2n/049b9fb97831c333aca499e8d955c31ad8eaaea4.jpg
Neuf,Honda,2017,"Almadies 2,Dakar",1,https://i.roamcdn.net/hz/ed/listing-thumb-224w/44507b13de932eebe0c1b84e15350af9/-/horizon-files-prod/ed/picture/qq47mqmw/21281e64db4700d8c55247bfed8fbaf502a09e4c.jpg
Occasion,Honda,2018,"Ouakam,Dakar",3700000,https://i.roamcdn.net/hz/ed/listing-thumb-224w/a94b556dfa180da92a315220effef8c2/-/horizon-files-prod/ed/picture/qv4e8vxk/2956f966779a4bf5518cd75a720db6aa150c7dbd.jpg
Occasion,KTM,2020,"Fass,Dakar",3300000,https://i.roamcdn.net/hz/ed/listing-thumb-224w/02133933c459d9f06fb5bb4cdd330d2c/-/horizon-files-prod/ed/picture/q0gwe46k/77b79a61615d5ac5544ed44bfe014cccc6007559.jpg
Occasion,Vespa,2021,"Amitié,Dakar",450000,https://i.roamcdn.net/hz/ed/listing-thumb-224w/342f6d9fd0b9cccaba0f242aad8f6a17/-/horizon-files-prod/ed/picture/qxj204jj/7cae98b26af642013154766de435cd097b3990e9.jpg
Venant,Yamaha,2019,"Hann Bel-Air,Dakar",2100000,https://i.roamcdn.net/hz/ed/listing-thumb-224w/12f3fc382816dc0a5da24a7658d986e2/-/horizon-files-prod/ed/picture/q9m97xgw/8236b8fef2416440b5b444dc7c204e91a68c99d3.jpg
Neuf,TVS Motor,2020,"Kaolack,Kaolack",1200000,https://i.roamcdn.net/hz/ed/listing-thumb-224w/fee79fc8c8c20689295bcafe63e74be6/-/horizon-files-prod/ed/picture/qpd6zzgx/a87d577ef01ec9a3e705d6252237c24e79b675e7.jpg
Neuf,Autre,2023,"Mbour,Thiès",3500000,https://i.roamcdn.net/hz/ed/listing-thumb-224w/12d5e091c8319d7ed5ce32e775555bdc/-/horizon-files-prod/ed/picture/qzvdnnk8/30043caf95901c04592566638efc968f9827ecd7.jpg
Neuf,Autre,2024,"Mbour,Thiès",1845000,https://i.roamcdn.net/hz/ed/listing-thumb-224w/d76966ca3c6cda12284cd84d96e1744e/-/horizon-files-prod/ed/picture/qm5pxx46/a618538f0c9ccf3d8456267daa724888ea569d21.jpg
Neuf,Autre,2024,"Mbour,Thiès",2580000,https://i.roamcdn.net/hz/ed/listing-thumb-224w/36a7063ddbf2c651dacd0343a8cc3635/-eyJvciI6MH0%3D/horizon-files-prod/ed/picture/q8v5eedz/c0d65afafe17a2a0fbf7170f61aea153e4f2e78d.jpg
Occasion,CF Moto,2014,"Mbour,Thiès",3985000,https://i.roamcdn.net/hz/ed/listing-thumb-224w/713b016fbf49a73fcd0d1de9dd56567a/-/horizon-files-prod/ed/picture/qenq0vq9/aa0eebacbef2744a2f4f80a8a2beec121492a8c7.jpg
Neuf,TVS Motor,2020,"Kaolack,Kaolack",1600000,https://i.roamcdn.net/hz/ed/listing-thumb-224w/91c4c3031cb9606b8a951967ac86aa0f/-/horizon-files-prod/ed/picture/qm5pxq6q/64c2b97ce707efa481b32009b597f5816b8eda13.jpg
Neuf,Lifan,2024,"Castor,Dakar",1550000,https://i.roamcdn.net/hz/ed/listing-thumb-224w/091c8a8b1611452b4fba7144a8d1b4d4/-/horizon-files-prod/ed/picture/q56x0860/ec5c2d30fadfd2d765529e99648f7238eef82a0d.jpg
Neuf,Zhongyu,2024,"Ouakam,Dakar",350000,https://i.roamcdn.net/hz/ed/listing-thumb-224w/a229660c6b0eb3f3cb2cd4417ad488ee/-/horizon-files-prod/ed/picture/qrzvprn4/55bc7952e1aa65ae17884ef32eb484ed13a371a7.jpg
Venant,Kymco,2021,"Almadies,Dakar",1900000,https://i.roamcdn.net/hz/ed/listing-thumb-224w/f9066fe4ec99b74a42fb1913834a621b/-/horizon-files-prod/ed/picture/qgq9r9qn/62fd28beceeb8cb4c3624622c577f7ca49ef9a50.jpg
Neuf,Piaggio,2020,"Almadies 2,Dakar",1,https://i.roamcdn.net/hz/ed/listing-thumb-224w/80e1d8167d9f35bb2f8c1e4ef7445f40/-/horizon-files-prod/ed/picture/qenq09vk/61ba00c757ca17ecd0252479cd402cbdd800f6ba.jpg
Occasion,BMW,2019,"Almadies,Dakar",2800000,https://i.roamcdn.net/hz/ed/listing-thumb-224w/f99f9e16769813d5ced1340f9970a22d/-/horizon-files-prod/ed/picture/qv4e7x82/5be16486ec42c97b57a89bd5afa50be9ad1b8877.jpg
Venant,Kymco,2021,"Liberte 6 extension,Dakar",1800000,https://i.roamcdn.net/hz/ed/listing-thumb-224w/050eac97076a4c141824cac8ed6ce719/-/horizon-files-prod/ed/picture/qwe295vm/e658c891066026534d1b401933e8c77a7f0233b2.jpg
Occasion,Yamaha,2013,"Mbour,Thiès",1985000,https://i.roamcdn.net/hz/ed/listing-thumb-224w/94c3eb110a03fdd8218c5af64b78ad75/-/horizon-files-prod/ed/picture/qngxep7w/3b0536f3138b266089bc0ca6bd47ff8f703cebd2.jpg
Occasion,KTM,2014,"Ouakam,Dakar",1500000,https://i.roamcdn.net/hz/ed/listing-thumb-224w/bd197d8f926e69fde58c0e51ee288c0f/-eyJvciI6MH0%3D/horizon-files-prod/ed/picture/qzvdkx26/72ea58af14ffb72c1db592883e24185b16cfb23b.jpg
Venant,Yamaha,2006,"Malika,Dakar",1400000,https://i.roamcdn.net/hz/ed/listing-thumb-224w/a334ebac5b25f39b026e4300415de2c2/-/horizon-files-prod/ed/picture/qngxmw2e/eac9b0dd2f42d7c9b6b3ac2e24b345f84f2e5e92.jpg
Venant,Ducati,2017,"Dieuppeul,Dakar",2500000,https://i.roamcdn.net/hz/ed/listing-thumb-224w/e3fc5b952a12f2ef58ee02f6616adde2/-/horizon-files-prod/ed/picture/qq47jw5j/2286f9e30ae1e92b3e8071128e2fbec22139e462.jpg
Occasion,Honda,2018,"Sacré-cœur,Dakar",2700000,https://i.roamcdn.net/hz/ed/listing-thumb-224w/e05d380dd763e513c5b9a1b886e3451b/-/horizon-files-prod/ed/picture/qngxm75z/9e2230008877a16a80d056cf102f27981f2a91a9.jpg
Venant,Kymco,2024,"Pikine,Dakar",475000,https://i.roamcdn.net/hz/ed/listing-thumb-224w/3f03499f0a81acf0ecf721c0cf824847/-/horizon-files-prod/ed/picture/qxj2vm0v/685229ea7a45f929a0b8069d949f70a5917906e7.jpg
Occasion,Yamaha,2017,"Mbour,Thiès",3500000,https://i.roamcdn.net/hz/ed/listing-thumb-224w/e3adb1d2740ca1c1d987fa9c97782a78/-/horizon-files-prod/ed/picture/qdekvkgw/7a185738a59dbc38301cc4e8ccc4988177ef3afa.jpg
Occasion,Arctic Cat,2014,"Mbour,Thiès",3500000,https://i.roamcdn.net/hz/ed/listing-thumb-224w/053084ce272cf6598e73aa02afe3117a/-/horizon-files-prod/ed/picture/qenq0qkv/2106eb6f14f00f9b676a3eaa5378155e338d0319.jpg
Venant,Piaggio,2020,"Golf,Dakar",1100000,https://i.roamcdn.net/hz/ed/listing-thumb-224w/6dc6571dbe634f526ce45adae5d04077/-/horizon-files-prod/ed/picture/q8v5e5dz/a5268518551aa9eb3f0e8bb042cb8fa2c838eff5.jpg
Venant,TGB,2017,"Sicap Liberté,Dakar",1600000,https://i.roamcdn.net/hz/ed/listing-thumb-224w/badade8dea0f214d1ef6c9f42dec40b5/-/horizon-files-prod/ed/picture/q785evrd/2dc977695d9a7794947d7200234156988a194ee1.jpg
Neuf,Piaggio,2020,"Almadies 2,Dakar",1,https://i.roamcdn.net/hz/ed/listing-thumb-224w/895a87cebaf9cad8fbb01cd454dfe463/-/horizon-files-prod/ed/picture/qm5p2862/eb01501d0364dcdff495dfb8f5fa0b2067c3dc73.jpg
Occasion,Autre,2020,"Saly Portudal,Thiès",1100000,https://i.roamcdn.net/hz/ed/listing-thumb-224w/a2cce30b52d9d5731d7afa6a3a7def16/-/horizon-files-prod/ed/picture/qj4rkv4z/8e2a5effd5371e8d1dacc86c0592329d6d4e5724.jpg
Venant,BMW,2003,"Hann maristes,Dakar",1600000,https://i.roamcdn.net/hz/ed/listing-thumb-224w/d9175a39b0f812df91973300a48951b1/-/horizon-files-prod/ed/picture/q44879r8/5e43ae163c80e1626d7cfd6b6b465c0cc4d1e559.jpg
Neuf,Lifan,2024,"Castor,Dakar",1,https://i.roamcdn.net/hz/ed/listing-thumb-224w/7925856756ae2436c608ca464458f241/-/horizon-files-prod/ed/picture/qdek8vv0/adf36d0eac772371fcb569b0043051c1e9f8f82f.jpg
Neuf,Autre,2024,"Castor,Dakar",2500,https://i.roamcdn.net/hz/ed/listing-thumb-224w/f6e5f3717aa24b6b1499837f61f13360/-/horizon-files-prod/ed/picture/qgq9xnnq/bd9d37c70a3dc72e6022f9e75f17a6f86ada48c4.jpg
Occasion,Yamaha,2017,"Bel air,Dakar",1800000,https://i.roamcdn.net/hz/ed/listing-thumb-224w/2dcaf0ed44d345cce06f4196e52c47b7/-/horizon-files-prod/ed/picture/qm5p2mjw/0ae8104aed50aba25af4d6a82081e5bbde7a023d.jpg
Occasion,Gilera,2024,"Mbao,Dakar",2800000,https://i.roamcdn.net/hz/ed/listing-thumb-224w/c1b146ec8a384ff491e8a112e3b483c1/-/horizon-files-prod/ed/picture/q8v56690/3e00e31c5c499cf1a8d221949ed093b76b444c39.jpg
Neuf,Yamaha,2024,"Liberte 6 extension,Dakar",1700000,https://i.roamcdn.net/hz/ed/listing-thumb-224w/34d601ea3cf4fb0c5efa25c51b40a9cd/-/horizon-files-prod/ed/picture/qxj2vz4q/6dda0af60044a4d814b518ae0a1c9581de4deeff.jpg
Neuf,Honda,2020,"Almadies 2,Dakar",1,https://i.roamcdn.net/hz/ed/listing-thumb-224w/0a9043fbd2891dfb64a9a44aeabe6b67/-/horizon-files-prod/ed/picture/q2jqmmre/394e144330d7d9a08c8a34a0ecfde5676559f442.jpg
Réconditionné,TVS Motor,2023,"Djily mbaye,Dakar",850000,https://i.roamcdn.net/hz/ed/listing-thumb-224w/2339ef982f6c92930c51b4fa6445dc70/-/horizon-files-prod/ed/picture/q56xj0ne/06073151cf1d05c63bd8d45948cdc970b5f549ad.jpg
Venant,BMW,2022,"Dieuppeul,Dakar",5500000,https://i.roamcdn.net/hz/ed/listing-thumb-224w/247a2aafe8c6d5c2f1e30321fe264d10/-/horizon-files-prod/ed/picture/q9m97qxj/da1cb9742f932b362eef1df6c1dcac641c4d8a7a.jpg
Neuf,BMW,2023,"Fann Hock,Dakar",6000000,https://i.roamcdn.net/hz/ed/listing-thumb-224w/9c00faa9a7915a472c073dc620907c01/-/horizon-files-prod/ed/picture/qzvdm9rn/c38b585479bdda65a2cfa2536df0efca26d02582.jpg
Neuf,Harley Davidson,2016,"Diamniadio,Dakar",5700000,https://i.roamcdn.net/hz/ed/listing-thumb-224w/53f961dde6dca58a2254240896c54f73/-/horizon-files-prod/ed/picture/q56xjkw5/23647d941a6ea76685daaaae8689f7d3b5e1705c.jpg
Neuf,Yamaha,2024,"Liberte 6 extension,Dakar",1050000,https://i.roamcdn.net/hz/ed/listing-thumb-224w/c8e9211a9a8ed378779857c858a91e25/-/horizon-files-prod/ed/picture/q785260z/0577fdb922955ef818011f0aabaf06bbd5791c75.jpg
Neuf,Triumph,2022,"Diamniadio,Dakar",5900000,https://i.roamcdn.net/hz/ed/listing-thumb-224w/a8e996ffa9e242e53593269e0314f55f/-/horizon-files-prod/ed/picture/qxj2rmrn/d443641261951e87993a4fcedf4899569e513970.jpg
Occasion,Honda,2022,"Fenêtre mermoz,Dakar",4200000,https://i.roamcdn.net/hz/ed/listing-thumb-224w/3e84f1298a5791ae1539ec2e11066b63/-/horizon-files-prod/ed/picture/qkrgjkxn/deb605ca56f167607f0990849c22ec99c8125e33.jpg
Venant,SYM,2010,"Mbao,Dakar",450000,https://i.roamcdn.net/hz/ed/listing-thumb-224w/42585696d92df2a717d8e6c7123fa169/-/horizon-files-prod/ed/picture/qv4e8v2x/7a3a3c31727f1ad20d22475d6cc03747e21b1357.jpg
Réconditionné,BMW,2021,"Fenêtre mermoz,Dakar",3000000,https://i.roamcdn.net/hz/ed/listing-thumb-224w/5502ca7765f044b6cad0fee8549e1fba/-/horizon-files-prod/ed/picture/qxj2r9qv/83f953afca759f7911a016dba0c25f3fbcc9a292.jpg
Venant,Yamaha,2011,"Médina,Dakar",780000,https://i.roamcdn.net/hz/ed/listing-thumb-224w/68d40716cf8383c689289416ae4a8d9c/-/horizon-files-prod/ed/picture/qenq4je4/bb828c43c694e9e4715ba76715aa63a42f17ae57.jpg
Neuf,Yamaha,2022,"Plateau,Dakar",4800000,https://i.roamcdn.net/hz/ed/listing-thumb-224w/51ab726d0f9fc00b5d56bec1c3e81b66/-/horizon-files-prod/ed/picture/q56xkqwe/3568746119b84eb7dc548340c614930e5e2ea48d.jpg
Venant,SYM,2016,"Guediawaye,Dakar",500000,https://i.roamcdn.net/hz/ed/listing-thumb-224w/ed774a587e22b3e71ae0461851f75037/-/horizon-files-prod/ed/picture/qxj2rgjq/0885d482d926461c11fd75119392484e477e4ef3.jpg
Neuf,Zhongyu,2019,"Diamniadio,Dakar",2000000,https://i.roamcdn.net/hz/ed/listing-thumb-224w/36ebecdbacc9389d8e569459723eda54/-/horizon-files-prod/ed/picture/qngxqn4z/5b1942e5bd440d3994e0938a7144904964b0ba81.jpg
Venant,Autre,2021,"Rufisque,Dakar",230000,https://i.roamcdn.net/hz/ed/listing-thumb-224w/2b4566a9dd1c4abac3e3c032906261c1/-/horizon-files-prod/ed/picture/qkrgejnm/85ae125b6d6dcf9340cb24a180c937b526b50c9d.jpg
Occasion,Honda,2019,"Fenêtre mermoz,Dakar",3700000,https://i.roamcdn.net/hz/ed/listing-thumb-224w/50314d74c3f026b82d06cfc804fa58ba/-/horizon-files-prod/ed/picture/q8v564mj/d822915ad7c4f33b9dfb1c4f50bef775b81fc8fa.jpg
Venant,BMW,2020,"Dieuppeul,Dakar",3500000,https://i.roamcdn.net/hz/ed/listing-thumb-224w/c2d5ddc0d39cf0f83a11985494a1f446/-/horizon-files-prod/ed/picture/qzvdmpvg/dce3022f8b4827423c176a42fd82369cd5721aca.jpg
Venant,BMW,2021,"Dieuppeul,Dakar",2500000,https://i.roamcdn.net/hz/ed/listing-thumb-224w/6522734b002619cd663452c99103df7b/-/horizon-files-prod/ed/picture/q0gwv4pd/6cc51e61146b42d92b743384aa7775dbe613f447.jpg
Occasion,Shineray,2016,"Somone,Thiès",240000,https://i.roamcdn.net/hz/ed/listing-thumb-224w/c2c6e96f91a0da64eff1c8960a36c2ae/-/horizon-files-prod/ed/picture/qzvdmd0n/54f7f6596e86a307899e8410a8fd2964fe656a74.jpg
Neuf,SYM,2018,"Guediawaye,Dakar",400000,https://i.roamcdn.net/hz/ed/listing-thumb-224w/bb345cff3760af7afca27a9c23bb3606/-/horizon-files-prod/ed/picture/qzvdx54d/85272e2ccd2a2625d5344fe3582ebaf5e87aa5b4.jpg
Neuf,Ducati,2022,"Plateau,Dakar",6500000,https://i.roamcdn.net/hz/ed/listing-thumb-224w/9cb7f30e04d949f91befe196492e8044/-/horizon-files-prod/ed/picture/qgq9xgx4/48e01056f1cdc225aac6e2501b00273cc0883680.jpg
Neuf,KTM,2023,"Plateau,Dakar",5200000,https://i.roamcdn.net/hz/ed/listing-thumb-224w/d638514af14a77f927bfbd3271393af4/-/horizon-files-prod/ed/picture/q56xj4j2/654d60612278865a708ac52c6558e4e69a1de60f.jpg
Occasion,Yamaha,2008,"Mamelles,Dakar",1800000,https://i.roamcdn.net/hz/ed/listing-thumb-224w/680eb11c8634b7413f2742cde554bb3b/-/horizon-files-prod/ed/picture/qwe2g595/e45efc4f544725eecd5b852cb1aabed27260adb7.jpg
Neuf,Autre,2023,"Cambérène,Dakar",1300000,https://i.roamcdn.net/hz/ed/listing-thumb-224w/bcbcb271b3180e5621fa1a5775ca0122/-/horizon-files-prod/ed/picture/qdekp8dw/3f786ada3a7d1dbcab882b1e0144d0fc43786780.jpg
Occasion,Autre,2023,"Yoff,Dakar",1,https://i.roamcdn.net/hz/ed/listing-thumb-224w/9405182c6f3a6a7886e3780e72454f86/-/horizon-files-prod/ed/picture/qwe27wjz/2eeb651b152c85d822f0066a7f28c73efb9d46a4.jpg
Occasion,Vespa,2020,"Sacré-cœur,Dakar",30000,https://i.roamcdn.net/hz/ed/listing-thumb-224w/b60ce9e24856f568a6209b1f40c87942/-/horizon-files-prod/ed/picture/qzvd9k78/5aed5c55f80a2962546a77a6371c55f6efc6793b.jpg
Occasion,Yamaha,2007,"Almadies,Dakar",800000,https://i.roamcdn.net/hz/ed/listing-thumb-224w/9d3074165ba1e4addfdbc9aa53f1fbfa/-/horizon-files-prod/ed/picture/qzvd9wwg/33dfc0bab1f352991e9c45ce4ec41c90810f733e.jpg
Venant,Yamaha,2020,"Golf,Dakar",4200000,https://i.roamcdn.net/hz/ed/listing-thumb-224w/c2e60d4d23b6796b627b00f9e520a3d7/-/horizon-files-prod/ed/picture/q56x0q2r/81f452c508015e3dc550c1c26bc5e4c00cc1ecb8.jpg
Venant,Kymco,2024,"Pikine,Dakar",490000,https://i.roamcdn.net/hz/ed/listing-thumb-224w/9ed64478afb5eabe0881880722cdf43c/-/horizon-files-prod/ed/picture/q56x02kx/0dabbf9ba9255214c64dc9d7bd0b4b2173296479.jpg
Occasion,BMW,2022,"Mermoz,Dakar",3500000,https://i.roamcdn.net/hz/ed/listing-thumb-224w/b5dffe5e8e3f5830aede99aa956edc57/-/horizon-files-prod/ed/picture/qxj2vp8m/a8c35dd24e07413b0218fa86c243f2e183ee43ad.jpg
Venant,Piaggio,2017,"Rufisque,Dakar",600000,https://i.roamcdn.net/hz/ed/listing-thumb-224w/13de46ac29c08552eafa8e743590f3c0/-/horizon-files-prod/ed/picture/qq47ezqn/cbd8d804dfc335031a376de80eaf80d06c37122c.jpg
Neuf,Lifan,2024,"Castor,Dakar",1,https://i.roamcdn.net/hz/ed/listing-thumb-224w/4ee44d9d8f0b93940500350d6c9248d7/-/horizon-files-prod/ed/picture/qzvd95vn/145b4f105ed88eaa4bcd4b31a13c9f8fce7dc1df.jpg
Neuf,TVS Motor,2024,"Castor,Dakar",800000,https://i.roamcdn.net/hz/ed/listing-thumb-224w/3e4d02f21bd12ddf374b31b6ad83fc13/-/horizon-files-prod/ed/picture/qenqejn4/3c0647a81cb1fdd7042dbd0e30400c1288c56a59.jpg
Venant,Piaggio,2015,"Plateau,Dakar",800000,https://i.roamcdn.net/hz/ed/listing-thumb-224w/b985e582bd31972d26b2563d06c96753/-/horizon-files-prod/ed/picture/q785zmjz/ce0bc66ef27a7f582024b7dd1e798d05f81ae916.jpg
Neuf,Autre,2023,"Plateau,Dakar",650000,https://i.roamcdn.net/hz/ed/listing-thumb-224w/d0a2784b939fa6b07a78c84a835820d7/-/horizon-files-prod/ed/picture/q785zgkm/3582757a9770d1824aead266fc3caa7927cb6fa0.jpg
Venant,BMW,2020,"VDN,Dakar",2000000,https://i.roamcdn.net/hz/ed/listing-thumb-224w/3c400144489c4cbc46e4d22456a24de1/-/horizon-files-prod/ed/picture/qrzve7pj/51dcf0a3ce40d95201738429988688e9cfbf9fe4.png
Neuf,Puch,2023,"Almadies,Dakar",500000,https://i.roamcdn.net/hz/ed/listing-thumb-224w/af50a8604da308752988036bb2f67bf8/-/horizon-files-prod/ed/picture/qv4e6w62/dd10fb413de4000baa246188018efcd41dfd4730.jpg
Occasion,Piaggio,2022,"Almadies,Dakar",2500000,https://i.roamcdn.net/hz/ed/listing-thumb-224w/c670b2afb6057c0a1ffd0d61771a3b24/-/horizon-files-prod/ed/picture/q2jqxrn6/b19e650457d5ae9d5b6a7f455786e00eae9017ab.jpg
Venant,Yamaha,2018,"Guediawaye,Dakar",500000,https://i.roamcdn.net/hz/ed/listing-thumb-224w/e67023cd80eb799e487598bd5b6216d1/-/horizon-files-prod/ed/picture/q785402j/9bb2c6dcdbb42ca78891015b8e0e68608b4afdcc.jpg
Neuf,Yamaha,2019,"Guediawaye,Dakar",500000,https://i.roamcdn.net/hz/ed/listing-thumb-224w/a6822595ad93306ca38052d5b1fb6324/-/horizon-files-prod/ed/picture/qgq97854/0cf76b408c4ed99640623dfdb7ba36f3d425fad1.jpg
Neuf,Kymco,2019,"Guediawaye,Dakar",500000,https://i.roamcdn.net/hz/ed/listing-thumb-224w/545ed19d4c2733e2aa429dfcf62804a9/-/horizon-files-prod/ed/picture/q6xk8ved/e4a50de291280f6d6c7fb2c42e07396b511a24a9.jpg
Venant,BMW,2018,"Golf,Dakar",32000,https://i.roamcdn.net/hz/ed/listing-thumb-224w/28e3e11aa86878fb435a160840ee45fc/-/horizon-files-prod/ed/picture/qq47e5vp/7450aa322408da8112f9262b920d1dd58f5fc2f6.jpg
Venant,Yamaha,2017,"Dieuppeul,Dakar",4300000,https://i.roamcdn.net/hz/ed/listing-thumb-224w/886e91f75de75039db0974fc005879cc/-/horizon-files-prod/ed/picture/qrzvej5q/1b333c4fa3cb60fff456663fc36691420eed387b.jpg
Occasion,KTM,2012,"Ouest foire,Dakar",240000,https://i.roamcdn.net/hz/ed/listing-thumb-224w/c42a99993439fc0e697014a38839ff3a/-/horizon-files-prod/ed/picture/qrzv0jxq/44bb921254a985b69be9c7b2a92d308f2ef0b8d3.jpg
Venant,Honda,2015,"Amitié,Dakar",1100000,https://i.roamcdn.net/hz/ed/listing-thumb-224w/9d73ca90ed3b5a4b052e6b131e7e2f97/-/horizon-files-prod/ed/picture/qq47rxnp/9b86bf72c1620a7dc9869fb0dbefc85be299ce61.jpg
Neuf,Lifan,2024,"Castor,Dakar",1,https://i.roamcdn.net/hz/ed/listing-thumb-224w/62d59417019c30d19bacebab5981d443/-/horizon-files-prod/ed/picture/qngxepeg/6e1f83c24e963cdf4fa6da4becbc846f3f482712.jpg
Neuf,Bajaj,2024,"Castor,Dakar",1,https://i.roamcdn.net/hz/ed/listing-thumb-224w/a58a18d22b79409ddc409482f6bd4748/-/horizon-files-prod/ed/picture/qwe272ng/64f08b5938ec1cd4740407467fe6b5cc5eff11f8.png
Neuf,Lifan,2024,"Castor,Dakar",1,https://i.roamcdn.net/hz/ed/listing-thumb-224w/13fc73d69cd3d951d38c594c8d02f617/-/horizon-files-prod/ed/picture/qngxex09/6f278f7064b69d65860d72d1c8c4f97b7edd555d.jpg
Neuf,Honda,2020,"Almadies 2,Dakar",1,https://i.roamcdn.net/hz/ed/listing-thumb-224w/cb8550570cf449d3a8602a0f68052eeb/-/horizon-files-prod/ed/picture/qgq96zqm/35bf6bace942a93341db00525295a6a7c090330d.jpg
Venant,Piaggio,2022,"Almadies,Dakar",2400000,https://i.roamcdn.net/hz/ed/listing-thumb-224w/c8b7961f22d490bd936de62b6b3f1ab3/-/horizon-files-prod/ed/picture/qxj2v6xw/a4ed56e38d0b46e079671d64a49b6c47c8084719.jpg
Neuf,Lifan,2024,"Castor,Dakar",1,https://i.roamcdn.net/hz/ed/listing-thumb-224w/abe1eef98989b09813f418bb81506549/-/horizon-files-prod/ed/picture/qenqkgk5/93a4a27d274c00760d7cbe57685ff5b877cc7bc4.jpg
Venant,Autre,2024,"Plateau,Dakar",22000,https://i.roamcdn.net/hz/ed/listing-thumb-224w/f01235eea0b88260460cf2ac8cc2f90b/-/horizon-files-prod/ed/picture/q56xk797/12ab8ec1c245c4091bf36d18e79438afc64f6cc0.jpg
Neuf,Bajaj,2024,"Sicap Liberté,Dakar",1,https://i.roamcdn.net/hz/ed/listing-thumb-224w/794366790215de4ec009edf91e74835b/-/horizon-files-prod/ed/picture/q7854k0z/8fac781488b370aac0087f18f1d1ecba83723225.jpg
Neuf,Autre,2023,"Sicap baobab,Dakar",51500,https://i.roamcdn.net/hz/ed/listing-thumb-224w/bb8dede2ee7bcb4a995da13747f00022/-/horizon-files-prod/ed/picture/qq47rj6v/6f7a3855fa9f7a337439fa9a1dda76b4e62b260a.jpg
Venant,Honda,2024,"Pikine,Dakar",1250000,https://i.roamcdn.net/hz/ed/listing-thumb-224w/ebeba54c9133b066fcdaa29ee89dfaba/-/horizon-files-prod/ed/picture/qq47vqjz/7e50b5bb5855abea8aa36ef3f613f1668290c370.jpg
Venant,Yamaha,2024,"Pikine,Dakar",750000,https://i.roamcdn.net/hz/ed/listing-thumb-224w/15f4d00f8aff9d66df094b4eb051be03/-/horizon-files-prod/ed/picture/qngxz5mx/ab86ac8427ce72f14620665e22de9b5c1060a984.jpg
Neuf,Honda,2023,"Guediawaye,Dakar",5400000,https://i.roamcdn.net/hz/ed/listing-thumb-224w/9ba1f86e98a35afdb62480c1d040651f/-/horizon-files-prod/ed/picture/q785660d/53e530f249475a1fd73397213685da2befe350e2.jpg
Neuf,Autre,2024,"Castor,Dakar",1,https://i.roamcdn.net/hz/ed/listing-thumb-224w/0afa4a0607a65fa969419a706d5cc890/-/horizon-files-prod/ed/picture/qv4ej4vk/c2b87188c62e7411f9d08ea861105cfee970d0c0.jpg
Venant,Kymco,2019,"Guediawaye,Dakar",400000,https://i.roamcdn.net/hz/ed/listing-thumb-224w/1a0db89d9f331b76f7e63b03c286d292/-/horizon-files-prod/ed/picture/q6xk8vgd/c9b5f263216047c2fc8a163b7252a56d9167402b.jpg
Venant,Yamaha,2016,"Guediawaye,Dakar",500000,https://i.roamcdn.net/hz/ed/listing-thumb-224w/270ee4b49f74b5a80c29478beae93f08/-/horizon-files-prod/ed/picture/q8v5gxvx/30c9d4eeed1a3067b2834c848cddab29c41f7602.jpg
Venant,Yamaha,2017,"Guediawaye,Dakar",400000,https://i.roamcdn.net/hz/ed/listing-thumb-224w/387af8d88d31dce1a21f2551fa111561/-/horizon-files-prod/ed/picture/qpd6r8p2/4a847df3001ea3e022533864ade07088c6b441d8.jpg
Venant,Honda,2022,"Guediawaye,Dakar",1000000,https://i.roamcdn.net/hz/ed/listing-thumb-224w/ccee07c80d5daa8466b44e84729dd88e/-/horizon-files-prod/ed/picture/q7856xkj/2440c2e8561acba8cc08025c6cbcdd92ea865f7f.jpg
Occasion,Honda,2000,"Hann maristes,Dakar",600000,https://i.roamcdn.net/hz/ed/listing-thumb-224w/2a87a0894eec34a3bbf9d079b7f359c6/-/horizon-files-prod/ed/picture/qrzvxv8q/4ea8a28ef61dd9ba953d3bb08f3da41dbe7f5410.jpg
Venant,Piaggio,2008,"Guediawaye,Dakar",250000,https://i.roamcdn.net/hz/ed/listing-thumb-224w/b8c8d73631f89b10e91b9b30793b56cb/-/horizon-files-prod/ed/picture/qq47r72p/b3d4485f35cf564f1b081ef7fdbb1d66604b47b8.jpg
Neuf,Polaris,2021,"Mbour,Thiès",13900000,https://i.roamcdn.net/hz/ed/listing-thumb-224w/d347a48b18ad2a072922b4d92a9d8b70/-/horizon-files-prod/ed/picture/qrzvkgg5/3f3c6ccd479a2f9eb1255659e3dd882c07b9483b.jpg
Occasion,Polaris,2015,"Mbour,Thiès",12885000,https://i.roamcdn.net/hz/ed/listing-thumb-224w/cdc517afa7fff0be3aa1bfba43233dd1/-/horizon-files-prod/ed/picture/q9m9x57p/6362286cbbce13f04cc286f2b7ee12f7adabd8aa.jpg
Occasion,Kawasaki,2010,"Somone,Thiès",3500000,https://i.roamcdn.net/hz/ed/listing-thumb-224w/065a2eedd54f93b326d8b4cefb38f401/-/horizon-files-prod/ed/picture/q9m9zpkv/3e7341c45fb4150ae5de0b68dd73d29c294502ea.jpg
Occasion,BMW,2009,"Ouakam,Dakar",1650000,https://i.roamcdn.net/hz/ed/listing-thumb-224w/a9ed5e634c4295cb2a5601ef9b2eaa97/-/horizon-files-prod/ed/picture/qwe2xdmg/a156d585eb585cac9b3c6b0dc289574bd25400e0.jpg
Occasion,Kawasaki,2008,"Grand-Dakar,Dakar",1400000,https://i.roamcdn.net/hz/ed/listing-thumb-224w/b37f7688110c44b28775f851c1110050/-/horizon-files-prod/ed/picture/qgq945p0/d26902c00839a7094134e4ad392513401bb12d63.jpg
Neuf,Bajaj,2024,"Castor,Dakar",1,https://i.roamcdn.net/hz/ed/listing-thumb-224w/9f555e055dbde784cca112f143bf10f3/-/horizon-files-prod/ed/picture/q8v58w26/1c49a7ea56b5cc12e28baa1dbdcabd4c72bd7b2d.jpg
Occasion,Honda,2022,"Hann maristes,Dakar",5800000,https://i.roamcdn.net/hz/ed/listing-thumb-224w/707877a4f319f97e0019f6da328d0582/-/horizon-files-prod/ed/picture/qngxvzpe/ffdebd7006223f794d71fcd7afafd2625bf7dde0.jpg
Venant,Honda,2000,"Sicap Liberté,Dakar",220000,https://i.roamcdn.net/hz/ed/listing-thumb-224w/40985e066f2cf7d7484901c6a7ba6e8b/-/horizon-files-prod/ed/picture/qwe2x8r4/ad884124f8df5df622cd35702f248aa412947972.jpg
Venant,Kawasaki,2008,"Grand-Yoff,Dakar",390000,https://i.roamcdn.net/hz/ed/listing-thumb-224w/e1de039d2c8e48f8ddbaf164b5724154/-/horizon-files-prod/ed/picture/qrzvw5rn/30d4e2963ad5106c44ac86839ed83d6e1b0f4ec9.jpg
Venant,Yamaha,2022,"Thiaroye,Dakar",4500000,https://i.roamcdn.net/hz/ed/listing-thumb-224w/a80f6d0fdd4a3364e5e792d08070e0aa/-/horizon-files-prod/ed/picture/q0gw6nek/e1f8bbb3a8dc7aea7ef9fe8aec1705f9e56fc3c3.jpg
Venant,Yamaha,2022,"Hann maristes,Dakar",4500000,https://i.roamcdn.net/hz/ed/listing-thumb-224w/1628b0d330ea4bbbe1c8ad0801b0995f/-/horizon-files-prod/ed/picture/q56xn9j7/a42a6083d853b4fcb496b9a18beaec17e7881161.jpg
Venant,Kymco,2024,"Pikine,Dakar",475000,https://i.roamcdn.net/hz/ed/listing-thumb-224w/50bd5f381b42dc401048195ed67ed2b7/-/horizon-files-prod/ed/picture/q448mjzr/1281021f0392aa97ea113b8aef30941e2d862cab.jpg
Occasion,BMW,2017,"Saly Portudal,Thiès",2500000,https://i.roamcdn.net/hz/ed/listing-thumb-224w/0a1104727f13824328ccc8bb9914207c/-/horizon-files-prod/ed/picture/q0gw6kqz/0274b9bd0e7b9af145409cd27193827a77cbf022.jpg
Occasion,Yamaha,2013,"Malika,Dakar",300000,https://i.roamcdn.net/hz/ed/listing-thumb-224w/8c73a0b35d721d399b08f9f95e899f21/-/horizon-files-prod/ed/picture/qm5p702z/92c44c0cfeac18182da04e18f07396a877ae9b46.jpg
Venant,Kymco,2013,"Malika,Dakar",650000,https://i.roamcdn.net/hz/ed/listing-thumb-224w/b534e749e2fcf60dd38f37ab84452bf5/-/horizon-files-prod/ed/picture/qgq9rme2/1776c8aa86e574f8414979782b3285841c6cb755.jpg
Neuf,Honda,2022,"Cité keur gorgui,Dakar",5250000,https://i.roamcdn.net/hz/ed/listing-thumb-224w/6f37590582a7813f5e09479f0531340e/-eyJvciI6MH0%3D/horizon-files-prod/ed/picture/qwe2xrk5/19ee4ee7d8ec815e3502ad335c1e90ae3ffbe8e6.jpg
Venant,Piaggio,1920,"Almadies,Dakar",670000,https://i.roamcdn.net/hz/ed/listing-thumb-224w/7b2a251595d8c1488edbdfc97493b408/-/horizon-files-prod/ed/picture/qgq972e9/216e8e0591dbb1f98655112e496b3986b17556a3.jpg
Venant,Yamaha,2023,"Mbour,Thiès",4500000,https://i.roamcdn.net/hz/ed/listing-thumb-224w/036f9528cbcd2a168941467e48b28417/-/horizon-files-prod/ed/picture/q7859w7x/03a3e5d3701ce28459f3bec8b5b4b1ad70ffdc98.jpg
Venant,Suzuki,2005,"Mbao,Dakar",550000,https://i.roamcdn.net/hz/ed/listing-thumb-224w/d16c9bd66dcb2683ab3a221af4533fb1/-/horizon-files-prod/ed/picture/qkrgn4wp/7e1e80f753b90217cf44688a8cf60b4dcdedaaf1.jpg
Occasion,Peugeot,2018,"Parcelles Assainies,Dakar",600000,https://i.roamcdn.net/hz/ed/listing-thumb-224w/975106c5c9a0a745b098d76feb757c03/-/horizon-files-prod/ed/picture/qenqz4pv/354d1b99c9e7085d4950b1fb921ab436c327b9f6.jpg
Occasion,Yamaha,2009,"Parcelles Assainies,Dakar",350000,https://i.roamcdn.net/hz/ed/listing-thumb-224w/285bcf6ea1ea2adbdd96b00669e87d3d/-/horizon-files-prod/ed/picture/qngx8erw/18027bc623f99d0eea29a5fa75df731998e821b3.jpg
Venant,Autre,2022,"Mbao,Dakar",350000,https://i.roamcdn.net/hz/ed/listing-thumb-224w/4182f94b4ddc834c9d0d10d654557527/-/horizon-files-prod/ed/picture/qzvdwq2v/b8d6723f2b01e6d2a193ae56434fb249fae83959.jpg
Occasion,Polaris,2017,"Saly,Thiès",12500000,https://i.roamcdn.net/hz/ed/listing-thumb-224w/cbbd21580b2bcac639bf631cdb979c60/-/horizon-files-prod/ed/picture/qdekzn7g/c1777e2cf8a07a80f123b6c78c7733c4bda583e0.jpg
Venant,Ducati,2017,"Plateau,Dakar",2500000,https://i.roamcdn.net/hz/ed/listing-thumb-224w/3165e35eecd06dea8089a1f22f253f32/-/horizon-files-prod/ed/picture/q9m9xx4v/dd359c5f0cfa56c72974989bfaa10a80b176bf2e.jpg
Occasion,Yamaha,2022,"Sicap foire,Dakar",2500000,https://i.roamcdn.net/hz/ed/listing-thumb-224w/57658ea6c8472028a5301bae055d228f/-/horizon-files-prod/ed/picture/q2jq920g/8b513f56985b70cf615845d584c75dbbaca1d5e8.jpg
Réconditionné,Autre,2024,"Fass,Dakar",1,https://i.roamcdn.net/hz/ed/listing-thumb-224w/7111116f1feb87cb066898e1219fa8dc/-/horizon-files-prod/ed/picture/qgq9kv80/267aa8f87a26f3ac116676e652145db0ce96a4d4.jpg
Occasion,CF Moto,2017,"Thiès,Thiès",3700000,https://i.roamcdn.net/hz/ed/listing-thumb-224w/9b43d3353f01cd88dfd923ff24269f83/-/horizon-files-prod/ed/picture/qenqz7n5/d497b32079ab3ccc0fa40f8e320f541fcb6e3b24.jpg
Neuf,Autre,2024,"Castor,Dakar",1,https://i.roamcdn.net/hz/ed/listing-thumb-224w/2e44aac41de4a8889cf22b9964075a45/-/horizon-files-prod/ed/picture/qwe2jqqm/c78d5db344e784b36b074e0c0befb767ec5e5917.jpg
Neuf,Aprilia,2020,"Almadies 2,Dakar",1,https://i.roamcdn.net/hz/ed/listing-thumb-224w/f08c7f9f4c19040fecd78234dc0ffb96/-/horizon-files-prod/ed/picture/q6xk854v/a57c6c8e9e4e9093d71d13108595dafac116b8bd.jpg
Venant,BMW,2021,"Hann Bel-Air,Dakar",3500000,https://i.roamcdn.net/hz/ed/listing-thumb-224w/8078bdead7cf4abe614830e5d5ac256f/-/horizon-files-prod/ed/picture/q7854gvz/87eb85ea940c09592cbab69a3158fba57d1cb0dd.jpg
Occasion,Honda,2018,"Ngaparou,Thiès",3000000,https://i.roamcdn.net/hz/ed/listing-thumb-224w/0f1bee6d2bf03e528559fa43d362a4fa/-/horizon-files-prod/ed/picture/qv4evkpp/153742ee3f1d4c82f842142fcf4321dfb5fec3ac.jpg
Neuf,Haojue,2023,"Saint-Louis,Saint-Louis",560000,https://i.roamcdn.net/hz/ed/listing-thumb-224w/9815962047ba594b96c03d55bef047c5/-/horizon-files-prod/ed/picture/qgq97gn2/6acde3021f9512fe7961fa8c8ab592d07af43bd1.jpg
Neuf,Autre,2024,"Ouakam,Dakar",400000,https://i.roamcdn.net/hz/ed/listing-thumb-224w/236f8c27dd9c977994415fdd38578870/-/horizon-files-prod/ed/picture/qwe2j5wd/6906b05a31018109c473109e07322d45e46604ed.jpg
Occasion,Honda,2011,"Hann maristes,Dakar",1200000,https://i.roamcdn.net/hz/ed/listing-thumb-224w/740125ba5ba5a403619852c2000dc3a6/-/horizon-files-prod/ed/picture/q56xqw00/3b7f3073d63689252304153da4d96b39cbe5f69d.jpg
Venant,BMW,2014,"Ouest foire,Dakar",2100000,https://i.roamcdn.net/hz/ed/listing-thumb-224w/febd5f39f1ae98b9a4dc38fc011eb856/-/horizon-files-prod/ed/picture/q785grpz/a72feb2d5eb3322564d33adfd114753de2b4f684.jpg
Neuf,Autre,2024,"Ouakam,Dakar",350000,https://i.roamcdn.net/hz/ed/listing-thumb-224w/bc369bb15d1b78260b79cb965e03167c/-/horizon-files-prod/ed/picture/qj4r2725/7500b97723f6d5ddc25ee089b38de9913ef308c7.jpg
Venant,BMW,2023,"Dieuppeul,Dakar",5900000,https://i.roamcdn.net/hz/ed/listing-thumb-224w/b13747939de8ae698d9b926f46df9dd0/-/horizon-files-prod/ed/picture/qv4e0drj/f2f8d8f50baf2eb36534b745d8a406481f08b7d3.jpg
Venant,Peugeot,2024,"Pikine,Dakar",275000,https://i.roamcdn.net/hz/ed/listing-thumb-224w/de89b293eb5149f9460daf9908964942/-/horizon-files-prod/ed/picture/qm5pkz9d/4dee6ca668f859b7f6df0e6a37edb933ad3cac10.jpg
Venant,Yamaha,2023,"Cité Damel,Dakar",7200000,https://i.roamcdn.net/hz/ed/listing-thumb-224w/8a28b0f6af9764c9234cbf78a04edae3/-/horizon-files-prod/ed/picture/qrzvkxn5/b0ee19d651585e411023070fa509fc2af6900e8d.jpg
Venant,TM,2020,"Sacré-cœur,Dakar",3500000,https://i.roamcdn.net/hz/ed/listing-thumb-224w/842d86727044ffddc69bc2c9b26acee8/-/horizon-files-prod/ed/picture/q785d6x8/72fc755b33fa30457ebcdb34f8cb42e9974b3d1b.jpg
Occasion,BMW,2012,"Hann maristes,Dakar",2150000,https://i.roamcdn.net/hz/ed/listing-thumb-224w/6e6c885bb1d9b4fb86f3652fe8e8a4a5/-/horizon-files-prod/ed/picture/qpd655xm/800db00de58945837d6e5d93b33a04480f708706.jpg
Venant,Yamaha,2021,"Plateau,Dakar",2800000,https://i.roamcdn.net/hz/ed/listing-thumb-224w/d4b0c5934ecc24668183eb048fdbeca8/-/horizon-files-prod/ed/picture/q2jqdd2j/7969583f85926d302518beb0987225e1f4761b5b.jpg
Neuf,Autre,2024,"Ouakam,Dakar",350000,https://i.roamcdn.net/hz/ed/listing-thumb-224w/818fc995401a1c505baf0e1d797d80ab/-/horizon-files-prod/ed/picture/qgq9zjdr/ba2a13c24dfa81eb512370c62224e6ef26bd490e.jpg
Venant,Piaggio,2014,"Almadies 2,Dakar",690000,https://i.roamcdn.net/hz/ed/listing-thumb-224w/1f6d39f31f0e1e55b6763e6d4be38f96/-/horizon-files-prod/ed/picture/qm5pdk2d/c3a30e584f2c15bf81b1cfc02126ef5ed7f1f971.jpg
Venant,Honda,2019,"Keur Massar,Dakar",3500000,https://i.roamcdn.net/hz/ed/listing-thumb-224w/558c2340cd18a678247d309605a5f25a/-/horizon-files-prod/ed/picture/q8v52k06/a88e417b33ff5577f9510869234d506795586153.jpg
Venant,Yamaha,2012,"Yoff,Dakar",1100000,https://i.roamcdn.net/hz/ed/listing-thumb-224w/c3019204d2f9ee64010c0e02d808ad9d/-/horizon-files-prod/ed/picture/q9m925v6/d90db9630ed26fd468752eed9c15570de96c2533.jpg
Occasion,Piaggio,2006,"Yoff,Dakar",700000,https://i.roamcdn.net/hz/ed/listing-thumb-224w/d8a7428b0a809436f8e3b62ae343b67b/-/horizon-files-prod/ed/picture/q9m92kpp/79762b0bf3f272ddc3094649d15dfcef87d52acc.jpg
Occasion,Honda,2017,"Ouakam,Dakar",2200000,https://i.roamcdn.net/hz/ed/listing-thumb-224w/b570fa19610f4af3c48be04f25eeabf0/-/horizon-files-prod/ed/picture/qrzvkrd8/8b8ea117b70474f5f50cb84d8682b40acee8d1ac.jpg
Neuf,Piaggio,2020,"Almadies 2,Dakar",1,https://i.roamcdn.net/hz/ed/listing-thumb-224w/e8eed094ab4e6b70200f05e7a967e62d/-/horizon-files-prod/ed/picture/q56x2d6x/c62bd42403e0f22618adfa6da9cb2dde76987d8b.jpg
Neuf,Autre,2024,"Mbour,Thiès",9999999,https://i.roamcdn.net/hz/ed/listing-thumb-224w/4408173cf2741469c8eac0954012a3b4/-/horizon-files-prod/ed/picture/qenqmvp9/2244fd495f22bc333a619d7b3d247bcf8b0bd189.jpg
Neuf,Honda,2020,"Colobane,Dakar",1400000,https://i.roamcdn.net/hz/ed/listing-thumb-224w/6b90ffcf1223dcd853be9244c3b197db/-/horizon-files-prod/ed/picture/q2jq20zj/6a6eaa8577b49d01d5e361a3201cd9111a813319.jpg
Neuf,Yamaha,2024,"Liberte 6 extension,Dakar",875000,https://i.roamcdn.net/hz/ed/listing-thumb-224w/0e2856ebcf74d93f4fabfe6194f57c1c/-/horizon-files-prod/ed/picture/qngxn90r/f01b3fea656396ec939ca3566f8b39378b1667fe.jpg
Neuf,Autre,2023,"Fass,Dakar",550000,https://i.roamcdn.net/hz/ed/listing-thumb-224w/c304d97d36f959163ec2d18b06861785/-/horizon-files-prod/ed/picture/qrzvk205/91135f528ca6cda41b956f2f610834e210e31252.png
Venant,Suzuki,2012,"Yoff,Dakar",550000,https://i.roamcdn.net/hz/ed/listing-thumb-224w/0e1a51e52ec06ebb12a6314cbcdfc0b4/-/horizon-files-prod/ed/picture/q56x807e/d1e7aac9f80ecaff086f575023338807a105741c.jpg
Venant,Harley Davidson,2008,"Yoff,Dakar",700000,https://i.roamcdn.net/hz/ed/listing-thumb-224w/2a2fc3c3a458bd14f421c3dce19a5f00/-/horizon-files-prod/ed/picture/qrzv4ed5/3f9b15067ffdafb1c6453eccc5317ada742f684b.jpg
Venant,Suzuki,2023,"Pikine,Dakar",425000,https://i.roamcdn.net/hz/ed/listing-thumb-224w/fb2c0ec62fa0d7b116a32912921a5584/-/horizon-files-prod/ed/picture/qxj2z688/410cba8b8c2145b81fa26b6245438526bddb450c.jpg
Venant,Piaggio,2020,"Guediawaye,Dakar",1200000,https://i.roamcdn.net/hz/ed/listing-thumb-224w/a7cf7b26f26b2de6e0af355eda93d255/-/horizon-files-prod/ed/picture/qenqjk25/d1e6871297b2f3e75cd2c3b275866e1b7136b950.jpg
Venant,Yamaha,2021,"Hlm,Dakar",4000000,https://i.roamcdn.net/hz/ed/listing-thumb-224w/f61047a7e7e9e8482dd0497f9ffad4af/-/horizon-files-prod/ed/picture/qq478xmn/f551142b9874f44e80134cd7ef434ba1d6635d86.jpg
Occasion,Polaris,2020,"Ngaparou,Thiès",10000000,https://i.roamcdn.net/hz/ed/listing-thumb-224w/7d7f0af5b6a573b348b6d428b8598f28/-/horizon-files-prod/ed/picture/qgq9jjmn/872578e989098e8291fa9996ddddaca21a840fd0.jpg
Occasion,Yamaha,2018,"Plateau,Dakar",850000,https://i.roamcdn.net/hz/ed/listing-thumb-224w/1c5e3636057121833423ff8543641fee/-/horizon-files-prod/ed/picture/qkrgvvgx/9e8d931ff723c0485545f5fb2c4788d0f8df0fdf.jpg
Venant,TM,2019,"Sacré-cœur,Dakar",2300000,https://i.roamcdn.net/hz/ed/listing-thumb-224w/7df6ee302483355119adbe122887e990/-/horizon-files-prod/ed/picture/q8v5xgez/b506e547e903488101db46a0843b7a3bf188a929.jpg
Venant,Honda,2021,"Plateau,Dakar",5500000,https://i.roamcdn.net/hz/ed/listing-thumb-224w/78dcb0e760aa4fcf3e91154dd61a7f2e/-/horizon-files-prod/ed/picture/qwe25gep/44fea9c691f1e35d6c8d6b9c0db34e3310696e53.jpg
Neuf,Honda,2020,"Almadies 2,Dakar",1,https://i.roamcdn.net/hz/ed/listing-thumb-224w/3abc91a1b3b20bc0d5d6135de0d6ce5f/-/horizon-files-prod/ed/picture/q564mprr/7de952339dbf581933fdc3d49c02e9776df7e1b9.jpg
Venant,Honda,2019,"Plateau,Dakar",4000000,https://i.roamcdn.net/hz/ed/listing-thumb-224w/d62e0079f5bfbcd3181e97228cfa997e/-/horizon-files-prod/ed/picture/qv4e5wwp/fe2d3db6cead81c3c5379255bb47a54250d86634.jpg
Neuf,Suzuki,2023,"Colobane,Dakar",600000,https://i.roamcdn.net/hz/ed/listing-thumb-224w/681619d26088a4f83b96ad885e11b5cf/-/horizon-files-prod/ed/picture/qkrg85nv/dba3217cd07235497b050e6bb3a03264b8452eb3.jpg
Occasion,KTM,2023,"Almadies,Dakar",320000,https://i.roamcdn.net/hz/ed/listing-thumb-224w/d5d3ceb3eee772098bb57e68e4a44a2a/-/horizon-files-prod/ed/picture/qwe2jxmj/78612bb9bfa818669e2b2df6acc060705f9df5d1.jpg
Occasion,Honda,2018,"Plateau,Dakar",1400000,https://i.roamcdn.net/hz/ed/listing-thumb-224w/177d1fadf950f2deb2fb7f35f3799d46/-/horizon-files-prod/ed/picture/qj4rjn55/670085fce216b287d493734fd0a6c926da2350b4.jpg
Venant,Yamaha,2015,"Hann Bel-Air,Dakar",2450000,https://i.roamcdn.net/hz/ed/listing-thumb-224w/7d64d5381ead7190a9a3afccef863d2f/-/horizon-files-prod/ed/picture/qwe2k6jz/91dded7d4abe9a99509acbeb9042c515d26e0151.jpg
Neuf,Yamaha,2021,"Liberte 6 extension,Dakar",1800000,https://i.roamcdn.net/hz/ed/listing-thumb-224w/62c6ec6a0e42aab9710edcfd52ef5140/-/horizon-files-prod/ed/picture/qj4rxz84/76b31939a0db91939565d6db266ab805bcd0ee66.jpg
Venant,BMW,2017,"Dieuppeul,Dakar",3000000,https://i.roamcdn.net/hz/ed/listing-thumb-224w/197e82a1666d31ddd77b6a2678a5ae8e/-/horizon-files-prod/ed/picture/q8v06jdx/ca8cfbe137ba98079e7f1d44ec541568960deca7.jpg
Neuf,Autre,2023,"Castor,Dakar",31000,https://i.roamcdn.net/hz/ed/listing-thumb-224w/ebc03d71c0c35e26e221dce5906812db/-/horizon-files-prod/ed/picture/qv4egxq2/a894b99ea185728e1991c3748d68b679b90d60d7.jpg
Neuf,Bajaj,2023,"Castor,Dakar",1,https://i.roamcdn.net/hz/ed/listing-thumb-224w/5316c1697f3a858a2a0a5fb65096011e/-/horizon-files-prod/ed/picture/q9m98wzj/4d33c08150299d644509fd46f8472a42acb827bb.jpg
Neuf,Autre,2020,"Castor,Dakar",595000,https://i.roamcdn.net/hz/ed/listing-thumb-224w/e123de53e7ee6390e33af2d0d8bbd0e8/-/horizon-files-prod/ed/picture/qv4eeewg/038efd4898ba0c1e593350bfcac013dbf3effb23.jpg
Neuf,KTM,2020,"Castor,Dakar",580000,https://i.roamcdn.net/hz/ed/listing-thumb-224w/8266afc7117d1469e431e6b6ab47479a/-/horizon-files-prod/ed/picture/q785jvxx/a007d7ee0e466346369c02d776bb07a98b1054f3.jpg
Neuf,Autre,2023,"Castor,Dakar",1,https://i.roamcdn.net/hz/ed/listing-thumb-224w/ea0ee19c825c8f430befce52a4f36a03/-/horizon-files-prod/ed/picture/qpd6g65m/6dd62eb0f5465a71bda5ae50c19e1842bd00a1b8.jpg
Neuf,Autre,2023,"Castor,Dakar",1,https://i.roamcdn.net/hz/ed/listing-thumb-224w/7d337112b55733f6c95f86404afb3ffb/-/horizon-files-prod/ed/picture/qgq9p4gr/3de433507c6208cdb046cf52be0e36e19935426a.jpg
Neuf,KTM,2023,"Castor,Dakar",460000,https://i.roamcdn.net/hz/ed/listing-thumb-224w/0119810018dd0fb328e3534fc1bd8b2a/-/horizon-files-prod/ed/picture/qwe2gnzk/46b4a33691b2b7b1f60f3c7b9c627eb040bbcc35.jpg
Neuf,Autre,2023,"Castor,Dakar",12000,https://i.roamcdn.net/hz/ed/listing-thumb-224w/0375d0a37485a046d5c225a521d09d42/-/horizon-files-prod/ed/picture/qv4e9wjm/5d07887532f9a1f3da867e00175473df4d0b5af3.jpg
Occasion,Suzuki,2005,"Castor,Dakar",375000,https://i.roamcdn.net/hz/ed/listing-thumb-224w/b6250b91aa73c02b17acc88cfe472a46/-/horizon-files-prod/ed/picture/q0gwk09g/0398083a9d064d99941adca643519bc262d57759.jpg
Neuf,Autre,2023,"Grand-Dakar,Dakar",305000,https://i.roamcdn.net/hz/ed/listing-thumb-224w/87cbd8461d64cf7c3901379e558694ae/-/horizon-files-prod/ed/picture/qv4ewnjj/9b610a80e8c910cfd3284fedd399c04809c54c16.jpg
Venant,Suzuki,2017,"Patte d‘oie,Dakar",2200000,https://i.roamcdn.net/hz/ed/listing-thumb-224w/8660e0a9502a506b9fa938bc5a701e84/-/horizon-files-prod/ed/picture/q4488wdm/09edf3aeeea0331c872981d77b324594d5b927b6.jpg
Venant,Yamaha,2019,"Liberte 6 extension,Dakar",1700000,https://i.roamcdn.net/hz/ed/listing-thumb-224w/e0c2949426e3d7f15953ccc16c2fbbb0/-/horizon-files-prod/ed/picture/q9m98kg6/c43086dab3928556dbd29f9275bad664e38f23cd.jpg
Occasion,Yamaha,2018,"Cité Damel,Dakar",900000,https://i.roamcdn.net/hz/ed/listing-thumb-224w/2ac1261dccc3f98f8732b0d3c42ef762/-/horizon-files-prod/ed/picture/qgqg20e4/135d0cae1fdffc3bb4dbd91a0c978b1d62cfaffc.jpg
Occasion,BMW,2016,"Mamelles,Dakar",1200000,https://i.roamcdn.net/hz/ed/listing-thumb-224w/7ef8e0d4ad2be6f561b52303cb612375/-/horizon-files-prod/ed/picture/qwe2e9xz/11bb94dadb728159773cada2d8db03f57586e174.jpg
Neuf,Autre,2023,"Grand-Dakar,Dakar",8500,https://i.roamcdn.net/hz/ed/listing-thumb-224w/d2dd4be140e0c6313d3e32e4e8d6435d/-/horizon-files-prod/ed/picture/qxj64e9q/4b7e2de4e1fa852f53861aeb56e88cac471f28a6.jpg
Venant,Honda,2021,"Liberte 6 extension,Dakar",1950000,https://i.roamcdn.net/hz/ed/listing-thumb-224w/2a32bb8d00fe2e3166e217c9541c60ac/-/horizon-files-prod/ed/picture/qdeevw08/3b5b0e742c77ab6cecded6bc3414bcc3dfbd5c33.jpg
Neuf,Autre,2022,"Grand-Dakar,Dakar",11500,https://i.roamcdn.net/hz/ed/listing-thumb-224w/06b7c3912293c7ea7f8aa45080b2b0d1/-/horizon-files-prod/ed/picture/qq44j5dk/413d1d2e93b20bdcfbae66a5d3d095fd6a0acc2d.jpg
