etat,marque,ann√©e,adresse,prix,image_lien,description
Occasion,BMW,2017,"Nord foire,Dakar",3500000,https://i.roamcdn.net/hz/ed/listing-thumb-543w/ad8ae26b17dd0fd0348bf6cf31cc00d1/-/horizon-files-prod/ed/picture/qkrgq9xv/808ef309296d3421012c3a73bbbd418b3ffa1e37.jpg,"Je vends ma BMW 2017 :transmission. R√©vision compl√®te √† km. Si vous √™tes int√©ress√©s ou souhaitez plus d'informations, contactez moi."
Venant,Piaggio,2018,"Guediawaye,Dakar",875000,https://i.roamcdn.net/hz/ed/listing-thumb-543w/bf249a44a8b426847d4434ffe2a5cbf0/-/horizon-files-prod/ed/picture/qq47vp0j/662ccdb1429fc22b8ac1a8f5b1de2e2c19aaed46.jpg,"Je vends ma 2018 . R√©vision compl√®te √† 28635 km. Si vous √™tes int√©ress√©s ou souhaitez plus d'informations, contactez moi."
Venant,Honda,2019,"Guediawaye,Dakar",550000,https://i.roamcdn.net/hz/ed/listing-thumb-543w/a2a03e703970f55ad86c9abef230204e/-/horizon-files-prod/ed/picture/qj4r7jxe/c033fdbba7edec2977fb0b17e0877ba18e95eea2.jpg,"Je vends ma 2019 . R√©vision compl√®te √† km. Si vous √™tes int√©ress√©s ou souhaitez plus d'informations, contactez moi."
Venant,Honda,2019,"Plateau,Dakar",4000000,https://i.roamcdn.net/hz/ed/listing-thumb-543w/ea26f94164fb827e30816af009c41713/-/horizon-files-prod/ed/picture/qv4e5wwp/ffa63f5fb53c58444e0f197c513b4c7633ec2c92.jpg,HONDA AFRICA TWIN ADVENTURE SPORTS 2019 venant tr√®s propre √† vendre:
Neuf,Honda,2020,"Almadies 2,Dakar",1,https://i.roamcdn.net/hz/ed/listing-thumb-543w/db609f7386689bf3064dd3b2ce1f2d91/-/horizon-files-prod/ed/picture/q564mprr/8b55c069a49c4dad9297ad0754dcc6a127d17648.jpg,"Je vends ma honda forza 125cc injection papier cmc 2021 :transmission. R√©vision compl√®te √† km. Si vous √™tes int√©ress√©s ou souhaitez plus d'informations, contactez moi."
Venant,Honda,2021,"Plateau,Dakar",5500000,https://i.roamcdn.net/hz/ed/listing-thumb-543w/2a8e6128a4ee7a8f35e77c15d61c17cc/-/horizon-files-prod/ed/picture/qwe25gep/44fea9c691f1e35d6c8d6b9c0db34e3310696e53.jpg,"Xadv 2021

Propre comme neuf

Avec carte √† grise et assurance 1 an

Antibrouillards

Top case

Avec pot d'√©chappement Arrow"
Venant,TM,2019,"Sacr√©-c≈ìur,Dakar",2300000,https://i.roamcdn.net/hz/ed/listing-thumb-543w/4afa6f0f4e6823ca2245f8bf2a6b2976/-/horizon-files-prod/ed/picture/q8v5xgez/b506e547e903488101db46a0843b7a3bf188a929.jpg,"Je vends ma TM 2019 :transmission. R√©vision compl√®te √† km. Si vous √™tes int√©ress√©s ou souhaitez plus d'informations, contactez moi."
Occasion,Yamaha,2018,"Plateau,Dakar",850000,https://i.roamcdn.net/hz/ed/listing-thumb-543w/49563f5063620e5195272d8998b6dd4a/-/horizon-files-prod/ed/picture/qkrgvvgx/9e8d931ff723c0485545f5fb2c4788d0f8df0fdf.jpg,"Yamaha xcenter nouveau mod√®le

moteur 150

faible consommation

papier cmc port

roul√© 3mois tout nickel et tr√®s √©tanche."
Occasion,Polaris,2020,"Ngaparou,Thi√®s",10000000,https://i.roamcdn.net/hz/ed/listing-thumb-543w/5939e9f2aeb93a7fd84c95c6cd572d74/-/horizon-files-prod/ed/picture/qgq9jjmn/872578e989098e8291fa9996ddddaca21a840fd0.jpg,"Je vends ma Polaris RZR 1000XP4 2020 . R√©vision compl√®te √† 11000 km. Si vous √™tes int√©ress√©s ou souhaitez plus d'informations, contactez moi."
Occasion,Yamaha,2020,"Amiti√©,Dakar",3250000,https://i.roamcdn.net/hz/ed/listing-thumb-543w/8faa1d98d32f0e6c5fc0ba9d62b1aa6d/-/horizon-files-prod/ed/picture/qm5p9mkw/a0cbb9767c26cdb1cbd07718eef04fca865f073f.jpg,Je vends un tr√©s joli temax 530 2020 en bonne etat ras avec carte grise jend dawal l√©gui l√©gui le prix est fix√©e √† 3250000 frs cfa contactez mr sarr pour les visites
Venant,Yamaha,2021,"Hlm,Dakar",4000000,https://i.roamcdn.net/hz/ed/listing-thumb-543w/6220cee93f608b918b963016fe7f832a/-/horizon-files-prod/ed/picture/qq478xmn/f551142b9874f44e80134cd7ef434ba1d6635d86.jpg,"Je vends ma Yamaha Tenere 700 2021 . R√©vision compl√®te √† 12000 km. Si vous √™tes int√©ress√©s ou souhaitez plus d'informations, contactez moi."
Venant,Piaggio,2020,"Guediawaye,Dakar",1200000,https://i.roamcdn.net/hz/ed/listing-thumb-543w/0eb511b702d92670d3f8ab7a94da3cdb/-/horizon-files-prod/ed/picture/qenqjk25/d1e6871297b2f3e75cd2c3b275866e1b7136b950.jpg,"Je vends ma 2020 . R√©vision compl√®te √† km. Si vous √™tes int√©ress√©s ou souhaitez plus d'informations, contactez moi."
Venant,Harley Davidson,2008,"Yoff,Dakar",700000,https://i.roamcdn.net/hz/ed/listing-thumb-543w/9b06f8af1a322dbcf762f1116f1219d0/-/horizon-files-prod/ed/picture/qrzv4ed5/3f9b15067ffdafb1c6453eccc5317ada742f684b.jpg,Je vends ma Harley Davidson 2008 :transmission.
Venant,Suzuki,2012,"Yoff,Dakar",550000,https://i.roamcdn.net/hz/ed/listing-thumb-543w/06506d9856bfb8aee778872c197a2a28/-/horizon-files-prod/ed/picture/q56x807e/d1e7aac9f80ecaff086f575023338807a105741c.jpg,"Je vends ma Suzuki 2

Safary

Anne 2012

Motor 150

Vena frane

Papier cmc

Disponible √† yoff djili mbaye"
Neuf,Autre,2023,"Fass,Dakar",550000,https://i.roamcdn.net/hz/ed/listing-thumb-543w/b146d95782a55552e5d099a99f5f39a8/-/horizon-files-prod/ed/picture/qrzvk205/91135f528ca6cda41b956f2f610834e210e31252.png,"Je vends ma Autre 2023 :transmission. R√©vision compl√®te √† km. Si vous √™tes int√©ress√©s ou souhaitez plus d'informations, contactez moi."
Neuf,Yamaha,2024,"Liberte 6 extension,Dakar",875000,https://i.roamcdn.net/hz/ed/listing-thumb-543w/84d27fcc37522baf3573e098595834d3/-/horizon-files-prod/ed/picture/qngxn90r/f01b3fea656396ec939ca3566f8b39378b1667fe.jpg,"Je vends ma Yamaha X-City 2024 :transmission. R√©vision compl√®te √† km. Si vous √™tes int√©ress√©s ou souhaitez plus d'informations, contactez moi."
Neuf,Honda,2020,"Colobane,Dakar",1400000,https://i.roamcdn.net/hz/ed/listing-thumb-543w/c6c4b172592e447ff01bd79205a0d614/-/horizon-files-prod/ed/picture/q2jq20zj/6a6eaa8577b49d01d5e361a3201cd9111a813319.jpg,"Je vends ma Honda SH 2020 :transmission. R√©vision compl√®te √† 15000 km. Si vous √™tes int√©ress√©s ou souhaitez plus d'informations, contactez moi. Avec assurance 1 ans Et carte grise"
Neuf,Autre,2024,"Mbour,Thi√®s",9999999,https://i.roamcdn.net/hz/ed/listing-thumb-543w/91425a345efab302f7f71e1ec69472db/-/horizon-files-prod/ed/picture/qenqmvp9/2244fd495f22bc333a619d7b3d247bcf8b0bd189.jpg,"D√©couvrez l'autre dimension de la conduite d'un quad. La hauteur de 180 cm offre vue d'ensemble et s√©curit√©. Obstacles d'eau - pas de probl√®me, gr√¢ce aux pneus, le v√©hicule est amphibie. Tout le reste que vous avez conduit jusqu'√† pr√©sent n'est qu'un jouet - un vrai quad pour de vrais hommes. Uniquement sur commande"
Neuf,Piaggio,2020,"Almadies 2,Dakar",1,https://i.roamcdn.net/hz/ed/listing-thumb-543w/8b62aa12b0143563559bfa224771a14b/-/horizon-files-prod/ed/picture/q56x2d6x/c62bd42403e0f22618adfa6da9cb2dde76987d8b.jpg,Je vends ma Piaggio Piaggio 2020 :transmission. R√©vision compl√®te √† km.
Occasion,Honda,2017,"Ouakam,Dakar",2200000,https://i.roamcdn.net/hz/ed/listing-thumb-543w/41fb7f949482cd293e19738c4438c8c8/-/horizon-files-prod/ed/picture/qrzvkrd8/8b8ea117b70474f5f50cb84d8682b40acee8d1ac.jpg,"Je vends ma Honda 2017 :transmission. R√©vision compl√®te √† km. Si vous √™tes int√©ress√©s ou souhaitez plus d'informations, contactez moi."
Occasion,Piaggio,2006,"Yoff,Dakar",700000,https://i.roamcdn.net/hz/ed/listing-thumb-543w/88912724f2269d45e550eac50b1160b2/-/horizon-files-prod/ed/picture/q9m92kpp/79762b0bf3f272ddc3094649d15dfcef87d52acc.jpg,"Je vends ma Piaggio Beverly 250 . R√©vision compl√®te √† km. Si vous √™tes int√©ress√©s ou souhaitez plus d'informations, contactez moi."
Venant,Yamaha,2012,"Yoff,Dakar",1100000,https://i.roamcdn.net/hz/ed/listing-thumb-543w/833491292eb0484e353c1a47be804efd/-/horizon-files-prod/ed/picture/q9m925v6/d90db9630ed26fd468752eed9c15570de96c2533.jpg,"Je vends ma Honda :transmission. Model Honda Suzuki 2012

Marque Yamaha

O√π change 1000

Motors 4 cylindre

Prix 1100 000fr

Vena üá´üá∑ France

Papier complet

Disponible √† Yoff R√©vision compl√®te √† km. Si vous √™tes int√©ress√©s ou souhaitez plus d'informations, contactez moi."
Venant,Honda,2019,"Keur Massar,Dakar",3500000,https://i.roamcdn.net/hz/ed/listing-thumb-543w/5b6889ac33a09322b252a2812941aafa/-/horizon-files-prod/ed/picture/q8v52k06/a88e417b33ff5577f9510869234d506795586153.jpg,"Je vends ma Honda CB 2019 :transmission. R√©vision compl√®te √† 3500 km. Si vous √™tes int√©ress√©s ou souhaitez plus d'informations, contactez moi."
Venant,Piaggio,2014,"Almadies 2,Dakar",690000,https://i.roamcdn.net/hz/ed/listing-thumb-543w/6096244e17ad722693fdf40e6abab0a4/-/horizon-files-prod/ed/picture/qm5pdk2d/c3a30e584f2c15bf81b1cfc02126ef5ed7f1f971.jpg,"Je vends ma Piaggio Beverly 2014 :transmission. R√©vision compl√®te √† 59600 km. Si vous √™tes int√©ress√©s ou souhaitez plus d'informations, contactez moi."
Venant,Piaggio,2006,"Hlm,Dakar",250000,https://i.roamcdn.net/hz/ed/listing-thumb-543w/115d0df90c02995f38a537f1f11546f9/-/horizon-files-prod/ed/picture/qngxkz7k/784b4e63f7b3aaae40d8954feb4e56d9337507a0.jpg,"Je vends ma Piaggio Liberty 2006 :transmission. R√©vision compl√®te √† 000 km. Si vous √™tes int√©ress√©s ou souhaitez plus d'informations, contactez moi."
Occasion,BMW,2012,"Hann maristes,Dakar",2150000,https://i.roamcdn.net/hz/ed/listing-thumb-543w/31a74727364ffb082cce73e42d2c4c51/-/horizon-files-prod/ed/picture/qpd655xm/800db00de58945837d6e5d93b33a04480f708706.jpg,"Je vends ma moto Bmw GS 2012 . R√©vision compl√®te √† 46000 km. Collection 30√©me anniversaire Gs. Vous √™tes int√©ress√©s ou souhaitez plus d'informations, contactez moi."
Venant,TM,2020,"Sacr√©-c≈ìur,Dakar",3500000,https://i.roamcdn.net/hz/ed/listing-thumb-543w/fcf324752efa1f702d2e984adff500dc/-/horizon-files-prod/ed/picture/q785d6x8/72fc755b33fa30457ebcdb34f8cb42e9974b3d1b.jpg,"Je vends ma TM 2020 :transmission. R√©vision compl√®te √† km. Si vous √™tes int√©ress√©s ou souhaitez plus d'informations, contactez moi."
Venant,Yamaha,2023,"Cit√© Damel,Dakar",7200000,https://i.roamcdn.net/hz/ed/listing-thumb-543w/b36dcfe1f9a8bcf0ef1ef26cf87315b0/-/horizon-files-prod/ed/picture/qrzvkxn5/b0ee19d651585e411023070fa509fc2af6900e8d.jpg,"Je vends ma Yamaha TMax 2023 :transmission. R√©vision compl√®te √† 9500 km. Si vous √™tes int√©ress√©s ou souhaitez plus d'informations, contactez moi."
Venant,Peugeot,2024,"Pikine,Dakar",275000,https://i.roamcdn.net/hz/ed/listing-thumb-543w/c23a3a1303d09898e42338d3413b1ef6/-/horizon-files-prod/ed/picture/qm5pkz9d/4dee6ca668f859b7f6df0e6a37edb933ad3cac10.jpg,"Je vends ma Peugeot 2temps 100cc . R√©vision compl√®te √† km. Si vous √™tes int√©ress√©s ou souhaitez plus d'informations, contactez moi."
Venant,BMW,2023,"Dieuppeul,Dakar",5900000,https://i.roamcdn.net/hz/ed/listing-thumb-543w/f33055df252ac30d3583a608ad8eff33/-/horizon-files-prod/ed/picture/qv4e0drj/f2f8d8f50baf2eb36534b745d8a406481f08b7d3.jpg,"Je vends ma BMW 2023 ninet 1200cc 500 kilom√®tres

R√©vision compl√®te √† 500 km. Si vous √™tes int√©ress√©s ou souhaitez plus d'informations, contactez moi."
Occasion,Honda,2011,"Hann maristes,Dakar",1200000,https://i.roamcdn.net/hz/ed/listing-thumb-543w/fe6d2728ce6a5c8657c5aa00157e7a45/-/horizon-files-prod/ed/picture/q56xqw00/3b7f3073d63689252304153da4d96b39cbe5f69d.jpg,"Je vends ma Honda CRF 2011 :transmission. R√©vision compl√®te √† km. Si vous √™tes int√©ress√©s ou souhaitez plus d'informations, contactez moi."
Neuf,Haojue,2023,"Saint-Louis,Saint-Louis",560000,https://i.roamcdn.net/hz/ed/listing-thumb-543w/1f6be2c8c6b60578904c2fba864115ba/-/horizon-files-prod/ed/picture/qgq97gn2/6acde3021f9512fe7961fa8c8ab592d07af43bd1.jpg,"Je vends ma moto haojue 2023 . C'est une moto neuve avec ses papiers, ses cl√©s avec commande. Pour une distance parcourue de 400 km, elle est tr√®s bien rod√©e. Si vous √™tes int√©ress√©s ou souhaitez plus d'informations, contactez moi.

Bonus: b√¢che + antivol."
Occasion,Honda,2018,"Ngaparou,Thi√®s",3000000,https://i.roamcdn.net/hz/ed/listing-thumb-543w/4919834b5dae0a2c7a6cd870d8e18f24/-/horizon-files-prod/ed/picture/qv4evkpp/153742ee3f1d4c82f842142fcf4321dfb5fec3ac.jpg,"Je vends ma Honda CRF 2018 bonne etat

Si vous √™tes int√©ress√©s ou souhaitez plus d'informations, contactez moi."
Venant,BMW,2021,"Hann Bel-Air,Dakar",3500000,https://i.roamcdn.net/hz/ed/listing-thumb-543w/b9f595269396e40a8af3c653ae660fc4/-/horizon-files-prod/ed/picture/q7854gvz/87eb85ea940c09592cbab69a3158fba57d1cb0dd.jpg,"Ecran tft + protection

-phares led

-antibrouillards

-cruise control

-poignets chauffants

-mode de conduite : road/dynamic/enduro pro/rain

-pneus mixte

-jantes rayons"
Neuf,Aprilia,2020,"Almadies 2,Dakar",1,https://i.roamcdn.net/hz/ed/listing-thumb-543w/e375b5b261649d18ce71cc0533656831/-/horizon-files-prod/ed/picture/q6xk854v/a57c6c8e9e4e9093d71d13108595dafac116b8bd.jpg,"Je vends ma Aprilia 2020 :transmission. R√©vision compl√®te √† 0000 km. Si vous √™tes int√©ress√©s ou souhaitez plus d'informations, contactez moi."
Neuf,Autre,2024,"Castor,Dakar",1,https://i.roamcdn.net/hz/ed/listing-thumb-543w/4b9f1d38a6f1f3fa6290d2fd0f3a72ae/-/horizon-files-prod/ed/picture/qwe2jqqm/6d110b1d929263b3c67a55195ac3530d7505e681.jpg,"Casque LS2 valiant 2 double homologation ECE et DOT, garantie 6 mois."
Occasion,CF Moto,2017,"Thi√®s,Thi√®s",3700000,https://i.roamcdn.net/hz/ed/listing-thumb-543w/d818d02bd3b17bbc4787a5a643ea6998/-/horizon-files-prod/ed/picture/qenqz7n5/d497b32079ab3ccc0fa40f8e320f541fcb6e3b24.jpg,"Vends QUAD 4√ó4 +

Pneus arri√®res neufs--- courroie neuve --'

Contr√¥le bougies filtre √† air freins et vidange effectu√©e. TTBON ETAT

Cause d√©part"
R√©conditionn√©,Autre,2024,"Fass,Dakar",1,https://i.roamcdn.net/hz/ed/listing-thumb-543w/865370c4ccfae62e5fa6fb4b2154c153/-/horizon-files-prod/ed/picture/qgq9kv80/267aa8f87a26f3ac116676e652145db0ce96a4d4.jpg,"Moto √âlectrique 2 places

Cette moto √©lectrique puissante vous permet de faire des √©conomies d'argent √† long therme. Rapide et silencieuse, elle est tr√®s √©conomique pas besoin de Papiers .

Caract√©ristiques :"
Occasion,Yamaha,2022,"Sicap foire,Dakar",2500000,https://i.roamcdn.net/hz/ed/listing-thumb-543w/0bb3be7865aeff387d559349e1a1bbd6/-/horizon-files-prod/ed/picture/q2jq920g/8b513f56985b70cf615845d584c75dbbaca1d5e8.jpg,Tracer 900 ann√©e 2022
Venant,Ducati,2017,"Plateau,Dakar",2500000,https://i.roamcdn.net/hz/ed/listing-thumb-543w/83f4371ecf29495fed4397d56676a2ab/-/horizon-files-prod/ed/picture/q9m9xx4v/dd359c5f0cfa56c72974989bfaa10a80b176bf2e.jpg,"15000 km Ducati scrambler 800cc ann√©e 2017-2018 tous les papiers pot comp√©tition termignoni 2 sortie pour un prix de 1000euro tr√®s belle moto tr√®s bien entretenu avec pleins d'accessoires visi√®re, insigne Ducati , barre jaune a milieu du r√©servoir, scell√© ducati alcantara pour un prix de 250euro"
Occasion,Polaris,2017,"Saly,Thi√®s",12500000,https://i.roamcdn.net/hz/ed/listing-thumb-543w/7323b7623a3633fc57f2bd35bad7c583/-/horizon-files-prod/ed/picture/qdekzn7g/c1777e2cf8a07a80f123b6c78c7733c4bda583e0.jpg,"Propri√©taire direct

Buggy Polaris RZR 1000 TURBO 2017 14 000 KM

168cv"
Venant,Autre,2022,"Mbao,Dakar",350000,https://i.roamcdn.net/hz/ed/listing-thumb-543w/69d25fb9c089661012b0687bf13dc142/-/horizon-files-prod/ed/picture/qzvdwq2v/b8d6723f2b01e6d2a193ae56434fb249fae83959.jpg,"Je vends mon scooter libert√© avec papier (CMC) et un bon Moteur

Si voussouhaitez plus d'informations, contactez moi"
Occasion,Yamaha,2009,"Parcelles Assainies,Dakar",350000,https://i.roamcdn.net/hz/ed/listing-thumb-543w/cafa5b5ce0db61f0b56caf49d3e7f86e/-/horizon-files-prod/ed/picture/qngx8erw/18027bc623f99d0eea29a5fa75df731998e821b3.jpg,"Je vends ma Yamaha X-Max 2009 :transmission. R√©vision compl√®te √† km. Si vous √™tes int√©ress√©s ou souhaitez plus d'informations, contactez moi."
Occasion,Peugeot,2018,"Parcelles Assainies,Dakar",600000,https://i.roamcdn.net/hz/ed/listing-thumb-543w/5fa27a8005fc118f82d2ddb1ddbd4d19/-/horizon-files-prod/ed/picture/qenqz4pv/354d1b99c9e7085d4950b1fb921ab436c327b9f6.jpg,"Je vends ma Peugeot Satelis Venant avec papiers complet faible consommation tr√®s robuste au travail et aux long voyages ect... :transmission. R√©vision compl√®te √† km. Si vous √™tes int√©ress√©s ou souhaitez plus d'informations, contactez moi."
Venant,Suzuki,2005,"Mbao,Dakar",550000,https://i.roamcdn.net/hz/ed/listing-thumb-543w/107e9f1b2d37d5599732a6a36b0f9e25/-/horizon-files-prod/ed/picture/qkrgn4wp/7e1e80f753b90217cf44688a8cf60b4dcdedaaf1.jpg,"Je vends ma Suzuki Burgman 2005 :transmission. R√©vision compl√®te √† km. Si vous √™tes int√©ress√©s ou souhaitez plus d'informations, contactez moi."
Venant,Piaggio,1920,"Almadies,Dakar",670000,https://i.roamcdn.net/hz/ed/listing-thumb-543w/646c1529e6300f308612320e54c2f060/-/horizon-files-prod/ed/picture/qgq972e9/216e8e0591dbb1f98655112e496b3986b17556a3.jpg,"Je vends une vespa 125 tr√®s propre, venant de France jamais roul√© √† dakar. R√©vision compl√®te √† 14000 km. Si vous √™tes int√©ress√©s ou souhaitez plus d'informations, contactez moi."
Neuf,Honda,2022,"Cit√© keur gorgui,Dakar",5250000,https://i.roamcdn.net/hz/ed/listing-thumb-543w/3fc5779b91ea07ae1ed16a7da1c6ad75/-eyJvciI6MH0%3D/horizon-files-prod/ed/picture/qwe2xrk5/19ee4ee7d8ec815e3502ad335c1e90ae3ffbe8e6.jpg,"Je vends cette Honda Africa Twin DCT 2022 :transmission. DCT, 10500 km tr√®s tr√®s propre.

Moto full √©quip√©e (crashbar, top case, bulle haute pneu arri√®re Offroad) avec les papiers complets."
Venant,Kymco,2013,"Malika,Dakar",650000,https://i.roamcdn.net/hz/ed/listing-thumb-543w/74f3779e10eae346bdecc83445479cae/-/horizon-files-prod/ed/picture/qgq9rme2/1776c8aa86e574f8414979782b3285841c6cb755.jpg,"Je vends ma 2013 . R√©vision compl√®te √† 22000 km. Si vous √™tes int√©ress√©s ou souhaitez plus d'informations, contactez moi."
Occasion,Yamaha,2013,"Malika,Dakar",300000,https://i.roamcdn.net/hz/ed/listing-thumb-543w/3e36651f99cc30dc48397466a2527559/-/horizon-files-prod/ed/picture/qm5p702z/92c44c0cfeac18182da04e18f07396a877ae9b46.jpg,"Je vends ma moto majest√© 400i 2013 . Carte grise num√©rique disponible.

Moteur coul√©. Si vous √™tes int√©ress√©s ou souhaitez plus d'informations, contactez moi."
Occasion,BMW,2017,"Saly Portudal,Thi√®s",2500000,https://i.roamcdn.net/hz/ed/listing-thumb-543w/1734e36a6ab8de2a50e4177a73e8dd0a/-/horizon-files-prod/ed/picture/q0gw6kqz/0274b9bd0e7b9af145409cd27193827a77cbf022.jpg,"Je vends ma BMW Nine T R√©vision compl√®te r√©cente.

Tr√®s jolie, si vous √™tes int√©ress√©s ou souhaitez plus d'informations, contactez moi."
Venant,Yamaha,2022,"Hann maristes,Dakar",4500000,https://i.roamcdn.net/hz/ed/listing-thumb-543w/29239692983e506d1d3024a65539e153/-/horizon-files-prod/ed/picture/q56xn9j7/a42a6083d853b4fcb496b9a18beaec17e7881161.jpg,"Je vends ma Yamaha R7 2022 . R√©vision compl√®te √† 7000 km. Si vous √™tes int√©ress√©s ou souhaitez plus d'informations, contactez moi."
Venant,Yamaha,2022,"Thiaroye,Dakar",4500000,https://i.roamcdn.net/hz/ed/listing-thumb-543w/5e3b33ff4d2a61740a9588bb6b237010/-/horizon-files-prod/ed/picture/q0gw6nek/e1f8bbb3a8dc7aea7ef9fe8aec1705f9e56fc3c3.jpg,"Je vends ma Yamaha R7 2022 . R√©vision compl√®te √† 7000 km. Si vous √™tes int√©ress√©s ou souhaitez plus d'informations, contactez moi."
Venant,Kawasaki,2008,"Grand-Yoff,Dakar",390000,https://i.roamcdn.net/hz/ed/listing-thumb-543w/7c169a5099d6fc9bb6afcf067afc54ee/-/horizon-files-prod/ed/picture/qrzvw5rn/30d4e2963ad5106c44ac86839ed83d6e1b0f4ec9.jpg,"Je vends ma Kawasaki scrabeo 200:transmission. R√©vision compl√®te √† km. Si vous √™tes int√©ress√©s ou souhaitez plus d'informations, contactez moi."
Venant,Honda,2000,"Sicap Libert√©,Dakar",220000,https://i.roamcdn.net/hz/ed/listing-thumb-543w/bd285ece4fbdf018cf9d21a60c645efe/-/horizon-files-prod/ed/picture/qwe2x8r4/ad884124f8df5df622cd35702f248aa412947972.jpg,"Je vends ma . R√©vision compl√®te √† km. Si vous √™tes int√©ress√©s ou souhaitez plus d'informations, contactez moi."
Occasion,Honda,2022,"Hann maristes,Dakar",5800000,https://i.roamcdn.net/hz/ed/listing-thumb-543w/32b87bfbfbcfae471666384ee9fdd191/-/horizon-files-prod/ed/picture/qngxvzpe/ffdebd7006223f794d71fcd7afafd2625bf7dde0.jpg,"Je vends cette Honda Africa Twin adventure 2022 :transmission manuel tr√®s tr√®s propre.

Moto full √©quip√©e (crash bar, bulle haute noir antibrouillard d'origine, pot d'√©chappement arrow noir"
Neuf,Bajaj,2024,"Castor,Dakar",1,https://i.roamcdn.net/hz/ed/listing-thumb-543w/02a83fb906dfea5d80f7c10f49ca39dc/-/horizon-files-prod/ed/picture/q8v58w26/1c49a7ea56b5cc12e28baa1dbdcabd4c72bd7b2d.jpg,"Moto vitesse neuve avec carte grise, plaque et assurance."
Occasion,Kawasaki,2008,"Grand-Dakar,Dakar",1400000,https://i.roamcdn.net/hz/ed/listing-thumb-543w/3cd94ea391130b7680783f17e61093ff/-/horizon-files-prod/ed/picture/qgq945p0/d26902c00839a7094134e4ad392513401bb12d63.jpg,"Kawasaki TR 250

Avec tous les papiers"
Occasion,BMW,2009,"Ouakam,Dakar",1650000,https://i.roamcdn.net/hz/ed/listing-thumb-543w/86f1a94bc2f8fd74c31d289423699326/-/horizon-files-prod/ed/picture/qwe2xdmg/a156d585eb585cac9b3c6b0dc289574bd25400e0.jpg,√Ä vendre MOTO
Occasion,Kawasaki,2010,"Somone,Thi√®s",3500000,https://i.roamcdn.net/hz/ed/listing-thumb-543w/2697b728b9fcc1a0d85475d3755c4261/-/horizon-files-prod/ed/picture/q9m9zpkv/3e7341c45fb4150ae5de0b68dd73d29c294502ea.jpg,"Je vend mon kawasaki 750 brute force r√©vision compl√®te plus filtre effectu√©e, courroie neuve ainsi que les 2 pneu avant neufs"
Occasion,Polaris,2015,"Mbour,Thi√®s",12885000,https://i.roamcdn.net/hz/ed/listing-thumb-543w/f655c7122199e30a3441d7a91e6d83e6/-/horizon-files-prod/ed/picture/q9m9x57p/6362286cbbce13f04cc286f2b7ee12f7adabd8aa.jpg,"Je vends ma Polaris 2015 :transmission. R√©vision compl√®te √† 20000 km. Si vous √™tes int√©ress√©s ou souhaitez plus d'informations, contactez moi."
Neuf,Polaris,2021,"Mbour,Thi√®s",13900000,https://i.roamcdn.net/hz/ed/listing-thumb-543w/a6a321b6a29e0943e10b6cbf78d7733c/-/horizon-files-prod/ed/picture/qrzvkgg5/3f3c6ccd479a2f9eb1255659e3dd882c07b9483b.jpg,"Je vends ma Polaris 2021 :transmission. R√©vision compl√®te √† 10500 km. Si vous √™tes int√©ress√©s ou souhaitez plus d'informations, contactez moi."
Venant,Piaggio,2008,"Guediawaye,Dakar",250000,https://i.roamcdn.net/hz/ed/listing-thumb-543w/78165ff16064d3c71553a06d9a818147/-/horizon-files-prod/ed/picture/qq47r72p/b3d4485f35cf564f1b081ef7fdbb1d66604b47b8.jpg,"Je vends ma Piaggio NRG 2008 :transmission. R√©vision compl√®te √† 1246 km. Si vous √™tes int√©ress√©s ou souhaitez plus d'informations, contactez moi."
Occasion,Honda,2000,"Hann maristes,Dakar",600000,https://i.roamcdn.net/hz/ed/listing-thumb-543w/771aa582022153b4f7e32147e96152dc/-/horizon-files-prod/ed/picture/qrzvxv8q/4ea8a28ef61dd9ba953d3bb08f3da41dbe7f5410.jpg,"Je vends ma Honda en forme, sans probl√®me, cylindr√© 153cm3 , puissance 2 CV. Avec carte grise.

Si vous √™tes int√©ress√©s ou souhaitez plus d'informations, contactez moi."
Venant,Honda,2022,"Guediawaye,Dakar",1000000,https://i.roamcdn.net/hz/ed/listing-thumb-543w/3695370c2e82616abe5b74a69d712a58/-/horizon-files-prod/ed/picture/q7856xkj/2440c2e8561acba8cc08025c6cbcdd92ea865f7f.jpg,"Je vends ma Honda PCX 2022 :transmission. R√©vision compl√®te √† 00 km. Si vous √™tes int√©ress√©s ou souhaitez plus d'informations, contactez moi."
Venant,Yamaha,2017,"Guediawaye,Dakar",400000,https://i.roamcdn.net/hz/ed/listing-thumb-543w/9de659a1c0eabe3b3051cb8d240a7ea8/-/horizon-files-prod/ed/picture/qpd6r8p2/4a847df3001ea3e022533864ade07088c6b441d8.jpg,"Je vends ma Yamaha 2017 :transmission. R√©vision compl√®te √† km.

Tr√®s propre vente avec cmc

Si vous √™tes int√©ress√©s ou souhaitez plus d'informations, contactez moi."
Venant,Kymco,2019,"Guediawaye,Dakar",400000,https://i.roamcdn.net/hz/ed/listing-thumb-543w/d7c686f8c75c32cc0655902b8caf0f5f/-/horizon-files-prod/ed/picture/q6xk8vgd/c9b5f263216047c2fc8a163b7252a56d9167402b.jpg,"Je vends ma Kymco 2019 :transmission. R√©vision compl√®te √† km.

Jamais rouler avec gmc

Si vous √™tes int√©ress√©s ou souhaitez plus d'informations, contactez moi."
Neuf,Autre,2024,"Castor,Dakar",1,https://i.roamcdn.net/hz/ed/listing-thumb-543w/357f12bf13b6a435407b326656b78767/-/horizon-files-prod/ed/picture/qv4ej4vk/c2b87188c62e7411f9d08ea861105cfee970d0c0.jpg,"Je vends ma Autre 2024 :transmission. R√©vision compl√®te √† 0 km. Si vous √™tes int√©ress√©s ou souhaitez plus d'informations, contactez moi."
Neuf,Honda,2023,"Guediawaye,Dakar",5400000,https://i.roamcdn.net/hz/ed/listing-thumb-543w/2195de9528c1037aa0fa49bd06f2da76/-/horizon-files-prod/ed/picture/q785660d/53e530f249475a1fd73397213685da2befe350e2.jpg,"Je vends ma Honda Africa Twin 2023 Manuel : R√©vision compl√®te √† 14000 km avec 3 Valises GIVI Trekker Outback

A vendre avec le matos complet, peu de kilom√®tre, pas de rayures, √©cran tactile avec l'option carplay. Mashalla !

Si vous √™tes int√©ress√©s ou souhaitez plus d'informations, contactez moi."
Neuf,Autre,2023,"Sicap baobab,Dakar",45700,https://i.roamcdn.net/hz/ed/listing-thumb-543w/46312c5f13065941d0d66796d500939f/-/horizon-files-prod/ed/picture/qq47rj6v/6f7a3855fa9f7a337439fa9a1dda76b4e62b260a.jpg,"Je vends ma Autre 2023 :transmission. R√©vision compl√®te √† km. Si vous √™tes int√©ress√©s ou souhaitez plus d'informations, contactez moi."
Neuf,Bajaj,2024,"Sicap Libert√©,Dakar",1,https://i.roamcdn.net/hz/ed/listing-thumb-543w/5aef1d76d8723c3cff67edb31c9f6193/-/horizon-files-prod/ed/picture/q7854k0z/8fac781488b370aac0087f18f1d1ecba83723225.jpg,"Fournisseur de motos nouvelles d'origine Inde garantie.

Motos 125 avec 3 mod√®les disponibles: CT125, Boxer 125 et Discover 125 cc

Moto Boxer 150 cc.

Possibilit√© d'achat avec cartes grises, plaques et assurance."
Venant,Autre,2024,"Plateau,Dakar",22000,https://i.roamcdn.net/hz/ed/listing-thumb-543w/6ca97b0720358e59b26b441415cc416c/-/horizon-files-prod/ed/picture/q56xk797/12ab8ec1c245c4091bf36d18e79438afc64f6cc0.jpg,"Je vends ma 2024 . R√©vision compl√®te √† km. Si vous √™tes int√©ress√©s ou souhaitez plus d'informations, contactez moi."
Neuf,Lifan,2024,"Castor,Dakar",1,https://i.roamcdn.net/hz/ed/listing-thumb-543w/e00d16f76cec44583d4383239952e8f1/-/horizon-files-prod/ed/picture/qenqkgk5/93a4a27d274c00760d7cbe57685ff5b877cc7bc4.jpg,"Tricycle 3 ou 5 roues cargo isotherme 1000 kg √† 2000 kg.

Sans tracas dans les proc√©dures d'obtention de la carte grise; Daaba Services g√®re tout pour vous jusqu'√† la livraison."
Venant,Piaggio,2022,"Almadies,Dakar",2400000,https://i.roamcdn.net/hz/ed/listing-thumb-543w/7a25ab7ec31429864cf2747b7a87cf2e/-/horizon-files-prod/ed/picture/qxj2v6xw/a4ed56e38d0b46e079671d64a49b6c47c8084719.jpg,"Piaggio Beverly 400 2022

excellent √©tat

R√©vision complet √† 10.000 km viens d'√™tre fait.

Venant il y √† 4 mois je suis le seul utilisateur.

PRIX : 2m600

xmax x max tmax t max xadv sh yamaha honda"
Neuf,Honda,2020,"Almadies 2,Dakar",1,https://i.roamcdn.net/hz/ed/listing-thumb-543w/d53627b8519dbd3bf9040aecb44cffaf/-/horizon-files-prod/ed/picture/qgq96zqm/35bf6bace942a93341db00525295a6a7c090330d.jpg,"Je vends ma Honda Lead 2020 venant suisse üá®üá≠ :transmission. R√©vision compl√®te √† 00 km. Si vous √™tes int√©ress√©s ou souhaitez plus d'informations, contactez moi."
Neuf,Lifan,2024,"Castor,Dakar",1,https://i.roamcdn.net/hz/ed/listing-thumb-543w/369e7bd4af48b47af22f8868e59d3b54/-/horizon-files-prod/ed/picture/qngxex09/6f278f7064b69d65860d72d1c8c4f97b7edd555d.jpg,"Je vends ma Lifan 2024 :transmission. R√©vision compl√®te √† 0 km. Si vous √™tes int√©ress√©s ou souhaitez plus d'informations, contactez moi."
Neuf,Bajaj,2024,"Castor,Dakar",1,https://i.roamcdn.net/hz/ed/listing-thumb-543w/1c990b4ea38eb4ecffbfd3928ea7e4fa/-/horizon-files-prod/ed/picture/qwe272ng/64f08b5938ec1cd4740407467fe6b5cc5eff11f8.png,"Moto Bajaj Express CT 125 fabriqu√© en Inde sur la base de normes internationales.

Vendues avec carte grise, plaque et assurance 12 mois."
Neuf,Lifan,2024,"Castor,Dakar",1,https://i.roamcdn.net/hz/ed/listing-thumb-543w/3426bdb7151b9393bf2b605860fb0fea/-/horizon-files-prod/ed/picture/qngxepeg/6e1f83c24e963cdf4fa6da4becbc846f3f482712.jpg,"Daaba Services est un fournisseur de motos Tricycles, pi√®ces d√©tach√©es avec un SAV complet.

Carte grise, plaque, assurance

Formation √† la conduite

D√©placement er d√©pannage chez les clients.."
Venant,Honda,2015,"Amiti√©,Dakar",1100000,https://i.roamcdn.net/hz/ed/listing-thumb-543w/8c6d761cac3dae7f5da6062bf7e918c2/-/horizon-files-prod/ed/picture/qq47rxnp/9b86bf72c1620a7dc9869fb0dbefc85be299ce61.jpg,"Je vends ma Honda Silver 650. R√©vision compl√®te √† km. Si vous √™tes int√©ress√©s ou souhaitez plus d'informations, contactez moi."
Venant,Yamaha,2017,"Dieuppeul,Dakar",4300000,https://i.roamcdn.net/hz/ed/listing-thumb-543w/f4cd73b89232b7aa9d2407ccc02f03c6/-/horizon-files-prod/ed/picture/qrzvej5q/1b333c4fa3cb60fff456663fc36691420eed387b.jpg,"Je vends ma Yamaha 2017 :transmission. R√©vision compl√®te √† km. Si vous √™tes int√©ress√©s ou souhaitez plus d'informations, contactez moi."
Venant,BMW,2018,"Golf,Dakar",32000,https://i.roamcdn.net/hz/ed/listing-thumb-543w/d41bda7b64c521c3f7dab8144b9761fb/-/horizon-files-prod/ed/picture/qq47e5vp/7450aa322408da8112f9262b920d1dd58f5fc2f6.jpg,"Je vends ma BMW nineT 1200 ann√©es 2018 d√©j√† mut√© carte grise AA :transmission. R√©vision compl√®te √† 29000 km. Si vous √™tes int√©ress√©s ou souhaitez plus d'informations, contactez moi."
Neuf,Kymco,2019,"Guediawaye,Dakar",500000,https://i.roamcdn.net/hz/ed/listing-thumb-543w/a08115f83277710f276a7b21126db68f/-/horizon-files-prod/ed/picture/q6xk8ved/e4a50de291280f6d6c7fb2c42e07396b511a24a9.jpg,"Je vends ma Kymco 2019 :transmission. R√©vision compl√®te √† km.

Jamais rouler et tr√®s propre

Si vous √™tes int√©ress√©s ou souhaitez plus d'informations, contactez moi."
Neuf,Yamaha,2019,"Guediawaye,Dakar",500000,https://i.roamcdn.net/hz/ed/listing-thumb-543w/0ce1c4b19a44a893cadb33673899a746/-/horizon-files-prod/ed/picture/qgq97854/0cf76b408c4ed99640623dfdb7ba36f3d425fad1.jpg,"Je vends ma Yamaha 2019 :transmission. R√©vision compl√®te √† km.

Jamais rouler tr√®s propre

Si vous √™tes int√©ress√©s ou souhaitez plus d'informations, contactez moi."
Venant,Yamaha,2018,"Guediawaye,Dakar",500000,https://i.roamcdn.net/hz/ed/listing-thumb-543w/06b4d74f87067aa184b99d40b2f1c266/-/horizon-files-prod/ed/picture/q785402j/9bb2c6dcdbb42ca78891015b8e0e68608b4afdcc.jpg,"Je vends ma Yamaha 2018 :transmission. R√©vision compl√®te √† km.

Disponible en couleur

Si vous √™tes int√©ress√©s ou souhaitez plus d'informations, contactez moi."
Occasion,Piaggio,2022,"Almadies,Dakar",2500000,https://i.roamcdn.net/hz/ed/listing-thumb-543w/2c3c3807bcaec9f9516872130496e377/-/horizon-files-prod/ed/picture/q2jqxrn6/b19e650457d5ae9d5b6a7f455786e00eae9017ab.jpg,"Je vends ma Piaggio Beverly 400 nouveau mod√®le 2022 : R√©vision compl√®te √† 10000 km. Si vous √™tes int√©ress√©s ou souhaitez plus d'informations, contactez moi."
Neuf,Puch,2023,"Almadies,Dakar",500000,https://i.roamcdn.net/hz/ed/listing-thumb-543w/dfcd65ec6742a5c146df5d1d3481c846/-/horizon-files-prod/ed/picture/qv4e6w62/dd10fb413de4000baa246188018efcd41dfd4730.jpg,"Je vends ma Puch 2023 :transmission. R√©vision compl√®te √† 00 km. Si vous √™tes int√©ress√©s ou souhaitez plus d'informations, contactez moi."
Venant,BMW,2020,"VDN,Dakar",2000000,https://i.roamcdn.net/hz/ed/listing-thumb-543w/72acd9f36ff36c133f2534cf29589fdf/-/horizon-files-prod/ed/picture/qrzve7pj/51dcf0a3ce40d95201738429988688e9cfbf9fe4.png,"Je vends ma BMW 2020 :transmission. R√©vision compl√®te √† 8000 km. Si vous √™tes int√©ress√©s ou souhaitez plus d'informations, contactez moi."
Neuf,Autre,2023,"Plateau,Dakar",650000,https://i.roamcdn.net/hz/ed/listing-thumb-543w/696d850f6edd33a041b151230cc5891f/-/horizon-files-prod/ed/picture/q785zgkm/3582757a9770d1824aead266fc3caa7927cb6fa0.jpg,"Scooter √©lectrique autonomie de 60km, vitesse max de 60km/h, temps de recharge : 8heures. Plusieurs couleurs disponibles : rouge, blanc et noir. Poids : 48 kg"
Venant,Piaggio,2015,"Plateau,Dakar",800000,https://i.roamcdn.net/hz/ed/listing-thumb-543w/9a8ef97888e11a95d642ce6400a04c87/-/horizon-files-prod/ed/picture/q785zmjz/ce0bc66ef27a7f582024b7dd1e798d05f81ae916.jpg,"Je vends ma Beverly 250. R√©vision compl√®te √† km. Si vous √™tes int√©ress√©s ou souhaitez plus d'informations, contactez moi."
Neuf,TVS Motor,2024,"Castor,Dakar",800000,https://i.roamcdn.net/hz/ed/listing-thumb-543w/7525fe08e4f2e51531b77f3b0916c4db/-/horizon-files-prod/ed/picture/qenqejn4/3c0647a81cb1fdd7042dbd0e30400c1288c56a59.jpg,"Je vends ma TVS Motor 2024 :transmission. R√©vision compl√®te √† 0 km. Si vous √™tes int√©ress√©s ou souhaitez plus d'informations, contactez moi."
Neuf,Lifan,2024,"Castor,Dakar",1,https://i.roamcdn.net/hz/ed/listing-thumb-543w/0c19544bc300391bd03dd7a048fa3d60/-/horizon-files-prod/ed/picture/qzvd95vn/145b4f105ed88eaa4bcd4b31a13c9f8fce7dc1df.jpg,"Je vends ma Lifan 2024 :transmission. R√©vision compl√®te √† 0 km. Si vous √™tes int√©ress√©s ou souhaitez plus d'informations, contactez moi."
Venant,Piaggio,2017,"Rufisque,Dakar",600000,https://i.roamcdn.net/hz/ed/listing-thumb-543w/e6001d6ec6142370b3f3da756236e334/-/horizon-files-prod/ed/picture/qq47ezqn/cbd8d804dfc335031a376de80eaf80d06c37122c.jpg,"Je vends ma Piaggio X9 √âVOLUTION 250 CC :transmission. R√©vision compl√®te √† 50000 km. VISIBLE √Ä RUFISQUE Si vous √™tes int√©ress√©s ou souhaitez plus d'informations, contactez moi."
Occasion,BMW,2022,"Mermoz,Dakar",3500000,https://i.roamcdn.net/hz/ed/listing-thumb-543w/577a98cc60bf478c6629ec101a7ce2a4/-/horizon-files-prod/ed/picture/qxj2vp8m/a8c35dd24e07413b0218fa86c243f2e183ee43ad.jpg,"A vendre BMW XR 900 Rouge 2022 , bicylindre en ligne , pot MIVV, selle profil√©e, mode sport adaptable, tableau de bord √©lectronique, ABS et Anti patinage r√©glables, doubles √©triers Brembo 4 pistons √† l'avant, 115 chevaux, b√©quille centrale, tr√®s bon √©tat."
Venant,Kymco,2024,"Pikine,Dakar",490000,https://i.roamcdn.net/hz/ed/listing-thumb-543w/7f065094fefdcfd627b438104ebcbc38/-/horizon-files-prod/ed/picture/q56x02kx/0dabbf9ba9255214c64dc9d7bd0b4b2173296479.jpg,"Je vends ma . R√©vision compl√®te √† km. Si vous √™tes int√©ress√©s ou souhaitez plus d'informations, contactez moi."
Venant,Yamaha,2020,"Golf,Dakar",4200000,https://i.roamcdn.net/hz/ed/listing-thumb-543w/1d12dc7e397699fb2e5ad4221cb4a02a/-/horizon-files-prod/ed/picture/q56x0q2r/81f452c508015e3dc550c1c26bc5e4c00cc1ecb8.jpg,"Je vends ma Yamaha tenere 700 toute neuve ann√©e 2020 :transmission. R√©vision compl√®te √† 16000 km. Si vous √™tes int√©ress√©s ou souhaitez plus d'informations, contactez moi."
Occasion,Yamaha,2007,"Almadies,Dakar",800000,https://i.roamcdn.net/hz/ed/listing-thumb-543w/6405d0b365cb01ef9c8079c5f2d08151/-/horizon-files-prod/ed/picture/qzvd9wwg/33dfc0bab1f352991e9c45ce4ec41c90810f733e.jpg,"Je vends ma Yamaha WR 2007

Allumage √©lectrique"
Occasion,Vespa,2020,"Sacr√©-c≈ìur,Dakar",30000,https://i.roamcdn.net/hz/ed/listing-thumb-543w/80b3be3a8979f08857f8767a11dc7a16/-/horizon-files-prod/ed/picture/qzvd9k78/5aed5c55f80a2962546a77a6371c55f6efc6793b.jpg,"Je vends mon pare-brise de Vespa, adaptable √† d'autres marques de motos. Si vous √™tes int√©ress√©s ou souhaitez plus d'informations, contactez moi."
Occasion,Autre,2023,"Yoff,Dakar",1,https://i.roamcdn.net/hz/ed/listing-thumb-543w/6cf04c43a6e65032420aa9d991688874/-/horizon-files-prod/ed/picture/qwe27wjz/2eeb651b152c85d822f0066a7f28c73efb9d46a4.jpg,"Je vends ma Autre 2023 :transmission. R√©vision compl√®te √† 000000 km. Si vous √™tes int√©ress√©s ou souhaitez plus d'informations, contactez moi."
Neuf,Autre,2023,"Camb√©r√®ne,Dakar",1300000,https://i.roamcdn.net/hz/ed/listing-thumb-543w/89b6c3aca9182be05927e7b31a230cd3/-/horizon-files-prod/ed/picture/qdekp8dw/3f786ada3a7d1dbcab882b1e0144d0fc43786780.jpg,"Je vends ma YAMAHA TANK150 2023 :transmission. R√©vision compl√®te √† 00 km. Toute neuve. Si vous √™tes int√©ress√©s ou souhaitez plus d'informations, contactez moi."
Occasion,Yamaha,2008,"Mamelles,Dakar",1800000,https://i.roamcdn.net/hz/ed/listing-thumb-543w/ce7ac37117d2c42a34b19acc32580c0b/-/horizon-files-prod/ed/picture/qwe2g595/e45efc4f544725eecd5b852cb1aabed27260adb7.jpg,"Yamaha 660xtx customis√©e scrambler made in Senegal

Ann√©e 2008

Moto customis√©e (selle, r√©servoir, poignets, phare, pot), moteur Yamaha d'origine en bon √©tat, pneus cross + 1 paire de pneus route dispo + b√¢che.

Travaux fait depuis 2019 : amortisseur, kit de cha√Æne, fourches, pot akrapovic, disques embrayage"
Neuf,KTM,2023,"Plateau,Dakar",5200000,https://i.roamcdn.net/hz/ed/listing-thumb-543w/6c6e69273b107b954d3115548661e7b5/-/horizon-files-prod/ed/picture/q56xj4j2/654d60612278865a708ac52c6558e4e69a1de60f.jpg,"KTM Adventure tr√®s propre avec les crash bar,support top case,pot hpcorse 14000 km. Si vous √™tes int√©ress√©s ou souhaitez plus d'informations, contactez moi."
Neuf,Ducati,2022,"Plateau,Dakar",6500000,https://i.roamcdn.net/hz/ed/listing-thumb-543w/1ba1bc82fec10f22af5cd99cc3d3000c/-/horizon-files-prod/ed/picture/qgq9xgx4/48e01056f1cdc225aac6e2501b00273cc0883680.jpg,"Ducati desertx 2022 √©tat irr√©prochable √©cran tft,pot arrow Si vous √™tes int√©ress√©s ou souhaitez plus d'informations, contactez moi."
Occasion,Shineray,2016,"Somone,Thi√®s",240000,https://i.roamcdn.net/hz/ed/listing-thumb-543w/b9e322a6cd3d78536eb2e9ef87eed617/-/horizon-files-prod/ed/picture/qzvdmd0n/54f7f6596e86a307899e8410a8fd2964fe656a74.jpg,Je vends ma Shineray 2016. N√©gociable un peu whatsapp pour video
Venant,BMW,2021,"Dieuppeul,Dakar",2500000,https://i.roamcdn.net/hz/ed/listing-thumb-543w/8c4a1e9c1cf0839f5c8b6047fe145a53/-/horizon-files-prod/ed/picture/q0gwv4pd/6cc51e61146b42d92b743384aa7775dbe613f447.jpg,"Je mets en vente ma BMW GS 310cc de l'ann√©e 2021 avec un kilom√©trage de 17 000 km. Si vous √™tes int√©ress√©s ou si vous souhaitez obtenir davantage d'informations, n'h√©sitez pas √† me contacter."
Venant,BMW,2020,"Dieuppeul,Dakar",3500000,https://i.roamcdn.net/hz/ed/listing-thumb-543w/1b65ca849502c796fea2718c1bf768be/-/horizon-files-prod/ed/picture/qzvdmpvg/dce3022f8b4827423c176a42fd82369cd5721aca.jpg,"Nous mettons en vente cette Bmw f850 gs 2020 de 4.000 kms. Si vous √™tes int√©ress√©s ou souhaitez plus d'informations, contactez nous."
Occasion,Honda,2019,"Fen√™tre mermoz,Dakar",3700000,https://i.roamcdn.net/hz/ed/listing-thumb-543w/37f907ce6aefc743705dce798be24291/-/horizon-files-prod/ed/picture/q8v564mj/d822915ad7c4f33b9dfb1c4f50bef775b81fc8fa.jpg,2019 Honda Africa Twin Adventure Sports
Venant,Autre,2021,"Rufisque,Dakar",230000,https://i.roamcdn.net/hz/ed/listing-thumb-543w/bb9fb91995c28587a636721dca3f8410/-/horizon-files-prod/ed/picture/qkrgejnm/85ae125b6d6dcf9340cb24a180c937b526b50c9d.jpg,"Je vends mon v√©lo de marque canyon Seri pathlite 6 ann√©e 2021 venant France avec c'est papiers de vente complet

Taille pneus 29/cadre aluminium /fourche a air / boite cycliste / pignon ‚öôÔ∏è cassette de 12"
Neuf,Zhongyu,2019,"Diamniadio,Dakar",2000000,https://i.roamcdn.net/hz/ed/listing-thumb-543w/e32a564ae2be31fec00267a17eb08429/-/horizon-files-prod/ed/picture/qngxqn4z/5b1942e5bd440d3994e0938a7144904964b0ba81.jpg,"Je vends ma Zhongyu 2019 :transmission. R√©vision compl√®te √† 0 km. Si vous √™tes int√©ress√©s ou souhaitez plus d'informations, contactez moi."
Venant,SYM,2016,"Guediawaye,Dakar",500000,https://i.roamcdn.net/hz/ed/listing-thumb-543w/4e25e762cd236786123caf2476b5049b/-/horizon-files-prod/ed/picture/qxj2rgjq/0885d482d926461c11fd75119392484e477e4ef3.jpg,"Je vends ma SYM 2016 :transmission. R√©vision compl√®te √† km.

Cmc papier complet jamais rouler

Si vous √™tes int√©ress√©s ou souhaitez plus d'informations, contactez moi."
Neuf,Yamaha,2022,"Plateau,Dakar",4800000,https://i.roamcdn.net/hz/ed/listing-thumb-543w/b659250c1406a20dfaf3e0eaad65e730/-/horizon-files-prod/ed/picture/q56xkqwe/3568746119b84eb7dc548340c614930e5e2ea48d.jpg,"Yamaha Tenere 700 ann√©e 2022 : NB = LE PRIX EST N√âGOCIABLE

Moto en r√®gle achet√©e chez yamaha motors France avec les 3 cl√©,

pot mivv carbone,

rien √† pr√©voir contactez moi."
Venant,Honda,2019,"Plateau,Dakar",1300000,https://i.roamcdn.net/hz/ed/listing-thumb-543w/270435456f98e42b5c35af2d46618977/-/horizon-files-prod/ed/picture/qdek82w7/24c12352f7282131b6a07d2f41d4bc91ed1ae1c3.jpg,"Je vends ma Honda SH 300 2019 :transmission. R√©vision compl√®te √† 11000 km. Si vous √™tes int√©ress√©s ou souhaitez plus d'informations, contactez moi"
Venant,Yamaha,2011,"M√©dina,Dakar",780000,https://i.roamcdn.net/hz/ed/listing-thumb-543w/e729f9c9ec3ca7dd17d1b4b02663b628/-/horizon-files-prod/ed/picture/qenq4je4/bb828c43c694e9e4715ba76715aa63a42f17ae57.jpg,"Je vends mon XMAX excellent √©tat aucun probl√®me . Si vous √™tes int√©ress√©s ou souhaitez plus d'informations, contactez moi."
Venant,SYM,2010,"Mbao,Dakar",450000,https://i.roamcdn.net/hz/ed/listing-thumb-543w/c0f872a9f885cfd8511482eb7eeb3f4a/-/horizon-files-prod/ed/picture/qv4e8v2x/7a3a3c31727f1ad20d22475d6cc03747e21b1357.jpg,"Je vends ma SYM 2010 :transmission. R√©vision compl√®te √† 23897 km. Si vous √™tes int√©ress√©s ou souhaitez plus d'informations, contactez moi."
Occasion,Honda,2022,"Fen√™tre mermoz,Dakar",4200000,https://i.roamcdn.net/hz/ed/listing-thumb-543w/d5da478f027ba695ba908b098085b184/-/horizon-files-prod/ed/picture/qkrgjkxn/deb605ca56f167607f0990849c22ec99c8125e33.jpg,2022 Africa Twin 1100
Neuf,Triumph,2022,"Diamniadio,Dakar",5900000,https://i.roamcdn.net/hz/ed/listing-thumb-543w/8a476a96b6b9d1f7ec167939d1468648/-/horizon-files-prod/ed/picture/qxj2rmrn/d443641261951e87993a4fcedf4899569e513970.jpg,"Je vends ma Triumph tiger 900 cc rally pro.

_ 6 modes de conduite

_ √âcran TFT connect√© aux t√©l√©phone MY Triumph ( ios. android)

_ GPS

_ Go pro

_ Bagagerie compl√®te

_ Shifter

_ Crashbar

_ Selle confort r√©glable

_ 2 si√®ges chauffant

_ Poign√©es chauffante

_ R√©gulateur de vitesse

_ Casque intercom t√©l√©phone

_ Fourche shoa Amortisseur r√©glable.

La moto est en tr√®s bonne √©tat jamais tomb√© je donne avec un module de programmation sp√©cifique √† cette moto qui vous vous permettra de la programmer comme vous le souhaitez.

Pour plus d'informations sur cette moto qui est parfaite pour route ou off road allez sur YouTube [Triumph tiger rally pro]"
Neuf,Yamaha,2024,"Liberte 6 extension,Dakar",1050000,https://i.roamcdn.net/hz/ed/listing-thumb-543w/70ce8a62a0d511a4223d375197fd6e2e/-/horizon-files-prod/ed/picture/q785260z/0577fdb922955ef818011f0aabaf06bbd5791c75.jpg,"Je vends ma Yamaha X-Max 2024 :transmission. R√©vision compl√®te √† km. Si vous √™tes int√©ress√©s ou souhaitez plus d'informations, contactez moi."
Neuf,Harley Davidson,2016,"Diamniadio,Dakar",5700000,https://i.roamcdn.net/hz/ed/listing-thumb-543w/6fdad6b0cba8e557491845596b505ea5/-/horizon-files-prod/ed/picture/q56xjkw5/23647d941a6ea76685daaaae8689f7d3b5e1705c.jpg,"Je vends ma Harley Davidson street 750 qui a √©t√© import√© des USA.

La moto est totalement d'origine elle appartient √† un collectionneur naniaque avec seulement 3000

de la moto vers l'avenir.

Vivre pour conduire, conduire pour vivre"
Neuf,BMW,2023,"Fann Hock,Dakar",6000000,https://i.roamcdn.net/hz/ed/listing-thumb-543w/062fabfafd60a49812f03b84f20b8be0/-/horizon-files-prod/ed/picture/qzvdm9rn/c38b585479bdda65a2cfa2536df0efca26d02582.jpg,"Je vends ma BMW R1250 triple black standard tout neuf ann√©e 2023 :transmission. R√©vision compl√®te √† 6000 km. Si vous √™tes int√©ress√©s ou souhaitez plus d'informations, contactez moi."
Venant,BMW,2022,"Dieuppeul,Dakar",5500000,https://i.roamcdn.net/hz/ed/listing-thumb-543w/df8ceff17c5fba276194525aea7354af/-/horizon-files-prod/ed/picture/q9m97qxj/da1cb9742f932b362eef1df6c1dcac641c4d8a7a.jpg,"Nous mettons en vente cette BMW GS 1250cc Triple Black de l'ann√©e 2022 avec un kilom√©trage de 17 000 km. Si vous √™tes int√©ress√©s ou souhaitez plus d'informations, contactez nous."
R√©conditionn√©,TVS Motor,2023,"Djily mbaye,Dakar",850000,https://i.roamcdn.net/hz/ed/listing-thumb-543w/948b076aae6ad12b123da5639fbf933a/-/horizon-files-prod/ed/picture/q56xj0ne/06073151cf1d05c63bd8d45948cdc970b5f549ad.jpg,"Je vends ma tricycle 2023 :transmission. R√©vision compl√®te √† km. Si vous √™tes int√©ress√©s ou souhaitez plus d'informations, contactez moi."
Neuf,Honda,2020,"Almadies 2,Dakar",1,https://i.roamcdn.net/hz/ed/listing-thumb-543w/61db2020a99d9ad8a1703c9aab0b28d4/-/horizon-files-prod/ed/picture/q2jqmmre/394e144330d7d9a08c8a34a0ecfde5676559f442.jpg,"Je vends ma Honda vision 2020 :transmission. R√©vision compl√®te √† km. Si vous √™tes int√©ress√©s ou souhaitez plus d'informations, contactez moi."
Neuf,Yamaha,2024,"Liberte 6 extension,Dakar",1700000,https://i.roamcdn.net/hz/ed/listing-thumb-543w/27ebb52971371501f55e1762a5cee1e0/-/horizon-files-prod/ed/picture/qxj2vz4q/6dda0af60044a4d814b518ae0a1c9581de4deeff.jpg,"Je vends ma Yamaha 2024 :transmission. R√©vision compl√®te √† km. Si vous √™tes int√©ress√©s ou souhaitez plus d'informations, contactez moi."
Occasion,Gilera,2024,"Mbao,Dakar",28,https://i.roamcdn.net/hz/ed/listing-thumb-543w/8e91007974a61444e783e63657e69ec2/-/horizon-files-prod/ed/picture/q8v56690/3e00e31c5c499cf1a8d221949ed093b76b444c39.jpg,"Je vends scooter MP3 venant de France en tr√®s bon √©tat, 3 800 000F ou √©change contre v√©hicule, je suis ouvert √† toutes proposition"
Occasion,Yamaha,2017,"Bel air,Dakar",1800000,https://i.roamcdn.net/hz/ed/listing-thumb-543w/2a713109977e1e21404d2dd9e185f90a/-/horizon-files-prod/ed/picture/qm5p2mjw/0ae8104aed50aba25af4d6a82081e5bbde7a023d.jpg,"Je vends ma Yamaha YZF 2017 :transmission. R√©vision compl√®te √† km. Si vous √™tes int√©ress√©s ou souhaitez plus d'informations, contactez moi."
Neuf,Autre,2024,"Castor,Dakar",2500,https://i.roamcdn.net/hz/ed/listing-thumb-543w/b8069ceef68f7bb067411dfa1f9eb059/-/horizon-files-prod/ed/picture/qgq9xnnq/bd9d37c70a3dc72e6022f9e75f17a6f86ada48c4.jpg,"Je vends ma Autre 2024 :transmission. R√©vision compl√®te √† 0 km. Si vous √™tes int√©ress√©s ou souhaitez plus d'informations, contactez moi."
Neuf,Lifan,2024,"Castor,Dakar",1,https://i.roamcdn.net/hz/ed/listing-thumb-543w/459410c648db3bed5c59190642c0d39d/-/horizon-files-prod/ed/picture/qdek8vv0/adf36d0eac772371fcb569b0043051c1e9f8f82f.jpg,"Je vends ma Lifan 2024 :transmission. R√©vision compl√®te √† 0 km. Si vous √™tes int√©ress√©s ou souhaitez plus d'informations, contactez moi."
Venant,BMW,2003,"Hann maristes,Dakar",1600000,https://i.roamcdn.net/hz/ed/listing-thumb-543w/0748f562f2d8761aee84d6ad7020ad70/-/horizon-files-prod/ed/picture/q44879r8/5e43ae163c80e1626d7cfd6b6b465c0cc4d1e559.jpg,"Je vends ma 2007 . R√©vision compl√®te √† 119000 km. Si vous √™tes int√©ress√©s ou souhaitez plus d'informations, contactez moi."
Occasion,Autre,2020,"Saly Portudal,Thi√®s",1100000,https://i.roamcdn.net/hz/ed/listing-thumb-543w/9c39b46b63616ab929d833310fb79239/-/horizon-files-prod/ed/picture/qj4rkv4z/8e2a5effd5371e8d1dacc86c0592329d6d4e5724.jpg,"Quad Magnum 100cc d√©j√† d√©douan√© et avec carte grise. Quad quasi neuf, presque jamais roul√©. 72 km au compteur. Une place assise"
Neuf,Piaggio,2020,"Almadies 2,Dakar",1,https://i.roamcdn.net/hz/ed/listing-thumb-543w/662474a644557f8748083f53b1d238d6/-/horizon-files-prod/ed/picture/qm5p2862/eb01501d0364dcdff495dfb8f5fa0b2067c3dc73.jpg,"Je vends ma Piaggio Beverly 2020 :transmission. R√©vision compl√®te √† km. Si vous √™tes int√©ress√©s ou souhaitez plus d'informations, contactez moi."
Venant,TGB,2017,"Sicap Libert√©,Dakar",1600000,https://i.roamcdn.net/hz/ed/listing-thumb-543w/84b3cabce6cd531d7556fd912d8ccb34/-/horizon-files-prod/ed/picture/q785evrd/2dc977695d9a7794947d7200234156988a194ee1.jpg,"Je vends quad 2017 . R√©vision compl√®te √† 1000 km. Si vous √™tes int√©ress√©s ou souhaitez plus d'informations, contactez moi."
Venant,Piaggio,2020,"Golf,Dakar",1100000,https://i.roamcdn.net/hz/ed/listing-thumb-543w/203c69605db35c52538368a0bbe6f1b2/-/horizon-files-prod/ed/picture/q8v5e5dz/a5268518551aa9eb3f0e8bb042cb8fa2c838eff5.jpg,Je vends ma Piaggio Vespa Primavera 3v
Occasion,Arctic Cat,2014,"Mbour,Thi√®s",3500000,https://i.roamcdn.net/hz/ed/listing-thumb-543w/f457c09f9ddcc165524fa28a47fe9b1b/-/horizon-files-prod/ed/picture/qenq0qkv/2106eb6f14f00f9b676a3eaa5378155e338d0319.jpg,Je vends un Quad Arctic cat en bon √©tat. Servi uniquement sur un terrain priv√©. Tres bonne affaire.
Occasion,Yamaha,2017,"Mbour,Thi√®s",3500000,https://i.roamcdn.net/hz/ed/listing-thumb-543w/19861038e106429c1cb6b7a72f146721/-/horizon-files-prod/ed/picture/qdekvkgw/7a185738a59dbc38301cc4e8ccc4988177ef3afa.jpg,"Je vends mon TMAX 530 . Tres peu servi, 9700 km. Toujours gar√© a l'abri. En excellent etat. Entretien suivi."
Venant,SYM,2015,"Sangalkam,Dakar",550000,https://i.roamcdn.net/hz/ed/listing-thumb-543w/1957f57c2abdee2a87b6110ac2b6bfa1/-/horizon-files-prod/ed/picture/qpd6z6nx/e570785b4c04b99e008e8c0cec3081dc68f6ab64.jpg,"Je vends ma SYM 2015 :transmission. R√©vision compl√®te √† 45000 km. Si vous √™tes int√©ress√©s ou souhaitez plus d'informations, contactez moi."
Venant,Kymco,2024,"Pikine,Dakar",475000,https://i.roamcdn.net/hz/ed/listing-thumb-543w/6333abee7b1f4b4921298aa95d468113/-/horizon-files-prod/ed/picture/qxj2vm0v/685229ea7a45f929a0b8069d949f70a5917906e7.jpg,Kymco People S 125cc venant jamais rouler ici en excellent √©tat avec papiers. D'autre scooter venant sont aussi disponibles contactez moi pour plus de d√©tails
Occasion,Honda,2018,"Sacr√©-c≈ìur,Dakar",2700000,https://i.roamcdn.net/hz/ed/listing-thumb-543w/33e5c3f1de2e97ddce7e2f71a126834a/-/horizon-files-prod/ed/picture/qngxm75z/9e2230008877a16a80d056cf102f27981f2a91a9.jpg,"XADV en tr√®s bon √©tat √† vendre

Toutes options : feux anti brouillard, crash bar, bulle noir sport haute, cale pieds, top case pro, support t√©l√©phone avec chargeur"
Venant,Ducati,2017,"Dieuppeul,Dakar",2500000,https://i.roamcdn.net/hz/ed/listing-thumb-543w/32922dbf6dec301b13a3cf0f879c4833/-/horizon-files-prod/ed/picture/qq47jw5j/2286f9e30ae1e92b3e8071128e2fbec22139e462.jpg,"Je vendons cette Ducati scranbler 800cc de 2017 avec un kilom√©trage de 13 000 km. Si vous √™tes int√©ress√©s ou souhaitez plus d'informations, contactez moi."
Venant,Yamaha,2006,"Malika,Dakar",1400000,https://i.roamcdn.net/hz/ed/listing-thumb-543w/c2e7bad83b3e22b72802b3516fc86367/-/horizon-files-prod/ed/picture/qngxmw2e/eac9b0dd2f42d7c9b6b3ac2e24b345f84f2e5e92.jpg,"Je vends mon T Max 2006 . R√©vision compl√®te. Si vous √™tes int√©ress√©s ou souhaitez plus d'informations, contactez moi.

N√©gociable dans la limite du raisonnable. Merci"
Occasion,KTM,2014,"Ouakam,Dakar",1500000,https://i.roamcdn.net/hz/ed/listing-thumb-543w/c39150a10c3f4d8900b7e40818ef30dd/-eyJvciI6MH0%3D/horizon-files-prod/ed/picture/qzvdkx26/72ea58af14ffb72c1db592883e24185b16cfb23b.jpg,"Je vends ma KTM Duke 2014 moteur 690cm3 :transmission.

R√©vision compl√®te en f√©vrier 2024.

Moteur √† injection, faible consommation.

Bon entretien Juste tableau de bord √† changer.

Papiers disponibles CMC et carte grise.

Si vous √™tes int√©ress√©s ou souhaitez plus d'informations, contactez moi."
Occasion,BMW,2018,"Fann,Dakar",2000000,https://i.roamcdn.net/hz/ed/listing-thumb-543w/55834d9b7702d3bcfcc1042f754ff0b0/-/horizon-files-prod/ed/picture/qxj20xq8/4c7d9cc53b9fb53cb4e970b707d2a89295a3156c.jpg,"Je vends ma BMW 1200 LT ann√©e 2018 :transmission.

-MARCHE ARRI√àRE

-RADIO

-PAPIER COMPLET

R√©vision compl√®te √† 87020 km. Si vous √™tes int√©ress√©s ou souhaitez plus d'informations, contactez moi."
Occasion,Yamaha,2013,"Mbour,Thi√®s",1985000,https://i.roamcdn.net/hz/ed/listing-thumb-543w/584b5cc81d28c0150a78eb639991deec/-/horizon-files-prod/ed/picture/qngxep7w/3b0536f3138b266089bc0ca6bd47ff8f703cebd2.jpg,"Je vends ma Yamaha 2013 :transmission. R√©vision compl√®te √† 15000 km. Si vous √™tes int√©ress√©s ou souhaitez plus d'informations, contactez moi."
Venant,Kymco,2021,"Liberte 6 extension,Dakar",1800000,https://i.roamcdn.net/hz/ed/listing-thumb-543w/2f6dc34c26022a0fcf99c53f9d1ba75d/-/horizon-files-prod/ed/picture/qwe295vm/e658c891066026534d1b401933e8c77a7f0233b2.jpg,"Je vends ma Kymco Xciting 2021 :transmission. R√©vision compl√®te √† km. Si vous √™tes int√©ress√©s ou souhaitez plus d'informations, contactez moi."
Occasion,BMW,2019,"Almadies,Dakar",2800000,https://i.roamcdn.net/hz/ed/listing-thumb-543w/6cca32926799216f880a9e43ec4e8adf/-/horizon-files-prod/ed/picture/qv4e7x82/5be16486ec42c97b57a89bd5afa50be9ad1b8877.jpg,"Achet√© en d√©cembre 2020, entretenue r√©guli√®rement, pneus Pirelli Scorpion rally STR r√©cemment chang√©s, dernier entretien en novembre 2023 (vidange moteur/bougies/plaquettes freins avant/arri√®re, filtre √† air/liquides de freins). Carte grise, assurance jusqu'√† octobre 2024.

Vends pour cause d√©part. Disponible en fin juin."
Neuf,Piaggio,2020,"Almadies 2,Dakar",1,https://i.roamcdn.net/hz/ed/listing-thumb-543w/f642c2435117f4cae489bf4ea7ba5049/-/horizon-files-prod/ed/picture/qenq09vk/61ba00c757ca17ecd0252479cd402cbdd800f6ba.jpg,"Je vends ma Piaggio sr motard nouveau mod√®le √©dition limit√©e transmission. R√©vision compl√®te √† km. Si vous √™tes int√©ress√©s ou souhaitez plus d'informations, contactez moi."
Venant,Kymco,2021,"Almadies,Dakar",1900000,https://i.roamcdn.net/hz/ed/listing-thumb-543w/b129308697c5fbc7e613f430c0c93c3d/-/horizon-files-prod/ed/picture/qgq9r9qn/62fd28beceeb8cb4c3624622c577f7ca49ef9a50.jpg,"Je vends ma Kymco Xciting 2021 :transmission. R√©vision compl√®te √† km. Si vous √™tes int√©ress√©s ou souhaitez plus d'informations, contactez moi."
Neuf,Zhongyu,2024,"Ouakam,Dakar",350000,https://i.roamcdn.net/hz/ed/listing-thumb-543w/d9fee103dfa131d30b3ad3137c36bdbb/-/horizon-files-prod/ed/picture/qrzvprn4/55bc7952e1aa65ae17884ef32eb484ed13a371a7.jpg,"Ce mod√®le consomme au total 1,2 kWh d'√©lectricit√© domestique par charge, et le co√ªt de conduite quotidienne est un dixi√®me de celui d'une moto √† essence. Il utilise un moteur √† courant continu sans balais de ‚ùóÔ∏è600 watts ‚ùóÔ∏è, un ‚ùóÔ∏ècontr√¥leur de module ‚ùóÔ∏è et un grand tambour. syst√®me de freinage √† l'avant et √† l'arri√®re ‚ùóÔ∏è Batterie au plomb-graph√®ne, avec une vitesse de 45 kilom√®tres par heure et une autonomie de croisi√®re d'environ 70 kilom√®tres avec une seule charge. Prix entre 350 000 et 370 000 F CFA. Dispose d'un syst√®me antivol ind√©pendant ! Un GPS peut √™tre ajout√© et vous pouvez utiliser votre t√©l√©phone portable pour contr√¥ler le d√©marrage, l'arr√™t, l'alarme et v√©rifier la trajectoire du v√©lo. Il existe d'autres types de v√©los √©lectriques et de motos √©lectriques dans le magasin. Il y en a toujours un qui vous convient. ."
Neuf,Lifan,2024,"Castor,Dakar",1550000,https://i.roamcdn.net/hz/ed/listing-thumb-543w/498aafbb9d1aae055cf9d80f9366138c/-/horizon-files-prod/ed/picture/q56x0860/ec5c2d30fadfd2d765529e99648f7238eef82a0d.jpg,"Je vends ma Lifan 2024 :transmission. R√©vision compl√®te √† 0 km. Si vous √™tes int√©ress√©s ou souhaitez plus d'informations, contactez moi."
Neuf,TVS Motor,2020,"Kaolack,Kaolack",1600000,https://i.roamcdn.net/hz/ed/listing-thumb-543w/d1a05e4d4d95cab438aa706893f27988/-/horizon-files-prod/ed/picture/qm5pxq6q/64c2b97ce707efa481b32009b597f5816b8eda13.jpg,"Je vends ma TVS Motor 2020 :transmission. R√©vision compl√®te √† 993 km. Si vous √™tes int√©ress√©s ou souhaitez plus d'informations, contactez moi."
Occasion,CF Moto,2014,"Mbour,Thi√®s",3985000,https://i.roamcdn.net/hz/ed/listing-thumb-543w/93f6f60b76d480c0505c2fcf1eb200d8/-/horizon-files-prod/ed/picture/qenq0vq9/aa0eebacbef2744a2f4f80a8a2beec121492a8c7.jpg,"Je vends ma CF Moto 2014 :transmission. R√©vision compl√®te √† 26000 km. Si vous √™tes int√©ress√©s ou souhaitez plus d'informations, contactez moi."
Neuf,Autre,2024,"Mbour,Thi√®s",2580000,https://i.roamcdn.net/hz/ed/listing-thumb-543w/d9ca0c8007fc1bef60aded63213700a2/-eyJvciI6MH0%3D/horizon-files-prod/ed/picture/q8v5eedz/c0d65afafe17a2a0fbf7170f61aea153e4f2e78d.jpg,"Je vends Kamax 250 2024 :transmission cha√Æne. R√©vision compl√®te √† 0 km, neuve. Si vous √™tes int√©ress√©s ou souhaitez plus d'informations, contactez moi. Prix inclus le CMC, pas la immatriculation."
Neuf,Autre,2024,"Mbour,Thi√®s",1845000,https://i.roamcdn.net/hz/ed/listing-thumb-543w/8dba382d4acb125423d0d5deb51843bc/-/horizon-files-prod/ed/picture/qm5pxx46/a618538f0c9ccf3d8456267daa724888ea569d21.jpg,"Je vends ma Autre 2024 :transmission. R√©vision compl√®te √† 0 km, neuve. Si vous √™tes int√©ress√©s ou souhaitez plus d'informations, contactez moi."
Neuf,Autre,2023,"Mbour,Thi√®s",3500000,https://i.roamcdn.net/hz/ed/listing-thumb-543w/244877fb32368747e36ac6f534331c2a/-/horizon-files-prod/ed/picture/qzvdnnk8/30043caf95901c04592566638efc968f9827ecd7.jpg,Je vends ma Autre 2023 :transmission par cha√Æne. R√©vision compl√®te √† 2500 km. Porte t√©l√©phone pour faire des vid√®os en roulant.
Neuf,TVS Motor,2020,"Kaolack,Kaolack",1200000,https://i.roamcdn.net/hz/ed/listing-thumb-543w/999adef8aaef6089d26d467b889c6739/-/horizon-files-prod/ed/picture/qpd6zzgx/a87d577ef01ec9a3e705d6252237c24e79b675e7.jpg,"Je vends ma TVS Motor 2020 :transmission. R√©vision compl√®te √† 1200 km. Si vous √™tes int√©ress√©s ou souhaitez plus d'informations, contactez moi."
Venant,Yamaha,2019,"Hann Bel-Air,Dakar",1900000,https://i.roamcdn.net/hz/ed/listing-thumb-543w/1caa736f3a687fc0a8cd3dcbda512a52/-/horizon-files-prod/ed/picture/q9m97xgw/8236b8fef2416440b5b444dc7c204e91a68c99d3.jpg,"Je vends ma Yamaha Tracer 2019 :transmission. R√©vision compl√®te √† 15800 km. Si vous √™tes int√©ress√©s ou souhaitez plus d'informations, contactez moi."
Occasion,Vespa,2021,"Amiti√©,Dakar",450000,https://i.roamcdn.net/hz/ed/listing-thumb-543w/acb841242b5c10dea49e7fc4dfc42244/-/horizon-files-prod/ed/picture/qxj204jj/7cae98b26af642013154766de435cd097b3990e9.jpg,"Je vends ma Vespa LX 2021 :transmission. R√©vision compl√®te √† 60000 km. Si vous √™tes int√©ress√©s ou souhaitez plus d'informations, contactez moi."
Occasion,KTM,2020,"Fass,Dakar",3300000,https://i.roamcdn.net/hz/ed/listing-thumb-543w/63712941279770978d5022544a3e0d3d/-/horizon-files-prod/ed/picture/q0gwe46k/77b79a61615d5ac5544ed44bfe014cccc6007559.jpg,"Je vends ma 2020 . R√©vision compl√®te √† 61000 km. Si vous √™tes int√©ress√©s ou souhaitez plus d'informations, contactez moi."
Occasion,Honda,2018,"Ouakam,Dakar",3700000,https://i.roamcdn.net/hz/ed/listing-thumb-543w/79b381eb468566ba8099e6ac9665eda1/-/horizon-files-prod/ed/picture/qv4e8vxk/2956f966779a4bf5518cd75a720db6aa150c7dbd.jpg,"Je vends ma Honda 2018 :transmission. R√©vision compl√®te √† km. Si vous √™tes int√©ress√©s ou souhaitez plus d'informations, contactez moi."
Venant,Kymco,2015,"Almadies,Dakar",800000,https://i.roamcdn.net/hz/ed/listing-thumb-543w/47b7771f631d578769c1b6523cd3ee4b/-/horizon-files-prod/ed/picture/q0gwev0j/eb665f19fc290d09a367b802405567b3c64f956c.jpg,"Je vends ma Kymco Downtown 2015 :transmission. R√©vision compl√®te √† 78000 km. Si vous √™tes int√©ress√©s ou souhaitez plus d'informations, contactez moi."
Neuf,Honda,2017,"Almadies 2,Dakar",1,https://i.roamcdn.net/hz/ed/listing-thumb-543w/0aa1d78757aafc31b1c655692b2201ba/-/horizon-files-prod/ed/picture/qq47mqmw/21281e64db4700d8c55247bfed8fbaf502a09e4c.jpg,"Je vends ma Honda PCX 2017 :transmission. R√©vision compl√®te √† 00 km. Si vous √™tes int√©ress√©s ou souhaitez plus d'informations, contactez moi."
Venant,Yamaha,2019,"Mermoz,Dakar",2800000,https://i.roamcdn.net/hz/ed/listing-thumb-543w/90e0ae9d3151bc79570cc4d6ff4d8032/-/horizon-files-prod/ed/picture/qq47jk2n/049b9fb97831c333aca499e8d955c31ad8eaaea4.jpg,"Je vends ma Yamaha Tracer 2019 :transmission. R√©vision compl√®te √† 31000 km. Si vous √™tes int√©ress√©s ou souhaitez plus d'informations, contactez moi."
Occasion,Aprilia,2006,"Pikine,Dakar",750000,https://i.roamcdn.net/hz/ed/listing-thumb-543w/6ccf898f45e9a46f1f43bfa467765782/-/horizon-files-prod/ed/picture/q8v5edmp/b32a6fd1de5934607a93ab7a4094c93d8e4170f3.jpg,"Je vends ma Aprilia Moto 2006 :Si vous √™tes int√©ress√©s ou souhaitez plus d'informations, contactez moi.

https://www.motoplanete.com/aprilia/1844/650-PEGASO-TRAIL-2006/contact.html"
Occasion,Yamaha,2019,"Plateau,Dakar",1600000,https://i.roamcdn.net/hz/ed/listing-thumb-543w/b2f57f620d192a991aa3bf57a9ec5f48/-/horizon-files-prod/ed/picture/qj4rnjww/4cacdd883122269f187b2d1d24950c7d049c3981.jpg,"Je vends ma Yamaha X-Max 2019 :transmission. R√©vision compl√®te √† 14000 km. Si vous √™tes int√©ress√©s ou souhaitez plus d'informations, contactez moi."
Neuf,Honda,2020,"Almadies 2,Dakar",1,https://i.roamcdn.net/hz/ed/listing-thumb-543w/78a98fb32e5b437105ae836c87de8f5f/-/horizon-files-prod/ed/picture/qq47m7de/100f8a071cabb0a984e85dbaaabd48371368c22c.jpg,"Je vends ma Honda 2020 :transmission. R√©vision compl√®te √† 00 km. Si vous √™tes int√©ress√©s ou souhaitez plus d'informations, contactez moi."
Venant,Honda,2018,"Hann maristes,Dakar",3200000,https://i.roamcdn.net/hz/ed/listing-thumb-543w/fcefb88fc90e97be24e404c01551f743/-/horizon-files-prod/ed/picture/qv4e2ekp/9a0f2c2e9a498dcfe33e2d6641105bc0a95ca131.jpg,"Je vends ma Honda X-ADV 2018 :transmission. R√©vision compl√®te √† 16000 km. Si vous √™tes int√©ress√©s ou souhaitez plus d'informations, contactez moi."
Venant,Yamaha,2012,"Hann maristes,Dakar",2000000,https://i.roamcdn.net/hz/ed/listing-thumb-543w/0db2004ddf5d4ee47a1b2f68e6ab420b/-/horizon-files-prod/ed/picture/qgq9n0m0/fa7c6652fb968a94158294b9fed2baf6ba8caea2.jpg,"Je vends ma Yamaha TMax 2012 :transmission. R√©vision compl√®te √† km. Si vous √™tes int√©ress√©s ou souhaitez plus d'informations, contactez moi."
Venant,Yamaha,2020,"M√©dina,Dakar",3600000,https://i.roamcdn.net/hz/ed/listing-thumb-543w/3eac84d174fef5d5cf51cb85484b6772/-/horizon-files-prod/ed/picture/qwe2d2k4/11dfd19c33a098398fbbbb6002d83f106a2b012a.jpg,"Je vends ma Yamaha TMax 2020 :transmission. R√©vision compl√®te √† 12 km. Si vous √™tes int√©ress√©s ou souhaitez plus d'informations, contactez moi."
Venant,BMW,2019,"Hann maristes,Dakar",3500000,https://i.roamcdn.net/hz/ed/listing-thumb-543w/f90de4727f3a5ba48d0c31f4aa6e2440/-/horizon-files-prod/ed/picture/q56xmpx0/b624d10485a8c721326711ed2cd3fcaadecf48b5.jpg,"Je vends ma BMW HP4 Race 2019 :transmission. R√©vision compl√®te √† 20000 km. Si vous √™tes int√©ress√©s ou souhaitez plus d'informations, contactez moi."
